doc_id,category,filename,title,title_removal_mode,removed_title_text,retained_first_line_body,sentence_count,avg_sentence_len,median_sentence_len
1,01_1情感生活,2015_09_15 女友对你作？你应该谢天谢地，因为她爱你 conv.txt,2015_09_15 女友对你作？你应该谢天谢地，因为她爱你,date_header_standalone_line,女友对你作？你应该谢天谢地，因为她爱你 咪蒙 2015-09-15,,59,24.51,22.0
2,01_1情感生活,2015_09_17 最高级的浪漫，就是柴米油盐鸡毛蒜皮 conv.txt,2015_09_17 最高级的浪漫，就是柴米油盐鸡毛蒜皮,date_header_standalone_line,最高级的浪漫，就是柴米油盐鸡毛蒜皮 咪蒙 2015-09-17,,47,34.77,26.0
3,01_1情感生活,2015_09_25 十一长假宅在家里看什么剧_ conv.txt,2015_09_25 十一长假宅在家里看什么剧_,date_header_with_inline_body,十一长假宅在家里看什么剧? 咪蒙 2015-09-25,国产剧《琅琊榜》胡歌浑身散发出禁欲主义的诱惑和《伪装者》一样，这部剧是山影出品。“山影”两个字已经像韩国tvN一样，就是电视剧质检认证，可以带给 我们无限的安全感。古装剧里难得担得起“中国美学”四个字的。那种水墨画风、清冷意境、电影画质，妈呀 老子就喜欢这种性冷淡风格，相比之下其他好多国产古装剧简直就是一坨坨庸脂俗粉。 胡歌是难得沉得住气的演员。演了偶像剧再去演话剧，很明显，他的自我定位不是明星，是演员。其实呢， 这部剧的本名叫做《人人都爱梅长苏》，不仅是男版《甄嬛传》，也是男版《花千骨》嘛。那么杰克苏的剧 情，竟然觉得好高端好有道理，谁叫胡歌同学浑身散发出禁欲主义的迷之诱惑呢，谁叫他和吴磊、他和王 凯、他和刘奕君都那么百搭呢。至于女主，好吧，我承认刘涛长得大气、演技也不错，可是，在这种男人戏 里，女人明明就是一坨植入广告嘛。,67,27.31,21.0
4,01_1情感生活,2015_09_26 如何对付爱搞暧昧的男人 conv.txt,2015_09_26 如何对付爱搞暧昧的男人,date_header_standalone_line,如何对付爱搞暧昧的男人 咪蒙 2015-09-26,,79,26.18,22.0
5,01_1情感生活,2015_10_15 异地恋怎么才能成功呢？ conv.txt,2015_10_15 异地恋怎么才能成功呢？,date_header_standalone_line,异地恋怎么才能成功呢？ 咪蒙 2015-10-15,,73,27.66,25.0
6,01_1情感生活,2015_10_17 《康熙来了》教坏我们的那些事 conv.txt,2015_10_17 《康熙来了》教坏我们的那些事,date_header_standalone_line,《康熙来了》教坏我们的那些事 咪蒙 2015-10-17,,117,21.61,19.0
8,01_1情感生活,2015_11_10 成为一个女神，到底要花多少钱？ conv.txt,2015_11_10 成为一个女神，到底要花多少钱？,no_title_detected_keep_all,,“我知道心灵美很重要，但很多时候人家一眼看不到你心灵美不美啊。”,115,24.78,22.0
9,01_1情感生活,2015_11_12 你的美貌不如你的热闹 conv.txt,2015_11_12 你的美貌不如你的热闹,date_header_standalone_line,你的美貌不如你的热闹 原创：咪蒙 咪蒙 2015-11-12,,83,33.81,28.0
10,01_1情感生活,2015_11_28 只要前任老死不相往来，世界将变成美好的人间 conv.txt,2015_11_28 只要前任老死不相往来，世界将变成美好的人间,date_header_standalone_line,只要前任老死不相往来，世界将变成美好的人间 原创：咪蒙 咪蒙 2015-11-28,,81,30.53,21.0
11,01_1情感生活,2015_12_01 当我说_你吃饭了吗_，我说的是_我好想你啊_ conv.txt,2015_12_01 当我说_你吃饭了吗_，我说的是_我好想你啊_,date_header_standalone_line,当我说“你吃饭了吗”，我说的是“我好想你啊” 咪蒙 2015-12-01,,135,22.31,19.0
12,01_1情感生活,2015_12_03 女人到底想要什么样的惊喜？ conv.txt,2015_12_03 女人到底想要什么样的惊喜？,date_header_standalone_line,女人到底想要什么样的惊喜？ 咪蒙 2015-12-03,,106,22.19,19.0
13,01_1情感生活,2015_12_08 为男人付出多少？底线是：你要输得起 conv.txt,2015_12_08 为男人付出多少？底线是：你要输得起,date_header_standalone_line,为男人付出多少？底线是：你要输得起 原创：咪蒙 咪蒙 2015-12-08,,88,29.43,22.5
14,01_1情感生活,2015_12_10 为什么我们要这么拼？ conv.txt,2015_12_10 为什么我们要这么拼？,date_header_standalone_line,为什么我们要这么拼？ 原创：咪蒙 咪蒙 2015-12-10,,117,23.32,21.0
15,01_1情感生活,2015_12_21 我是因为你，才爱上了这个世界 conv.txt,2015_12_21 我是因为你，才爱上了这个世界,date_header_standalone_line,我是因为你，才爱上了这个世界 原创：咪蒙 咪蒙 2015-12-21,,229,17.37,16.0
16,01_1情感生活,2015_12_23 当我们在乎节日的时候，我们在乎的是什么 conv.txt,2015_12_23 当我们在乎节日的时候，我们在乎的是什么,date_header_standalone_line,当我们在乎节日的时候，我们在乎的是什么 咪蒙 2015-12-23,,120,18.32,14.5
17,01_1情感生活,2016_01_14 女人好好打扮就是为了取悦男人？瞎扯！ conv.txt,2016_01_14 女人好好打扮就是为了取悦男人？瞎扯！,date_header_standalone_line,女人好好打扮就是为了取悦男人？瞎扯！ 原创：咪蒙 咪蒙 2016-01-14,,82,23.95,19.5
18,01_1情感生活,2016_01_15 《康熙来了》：为什么我们总是害怕告别？ conv.txt,2016_01_15 《康熙来了》：为什么我们总是害怕告别？,date_header_standalone_line,《康熙来了》：为什么我们总是害怕告别？ 原创：咪蒙 咪蒙 2016-01-15,,87,22.6,20.0
19,01_1情感生活,2016_01_22 爱是一个动词 爱是一种仪式 conv.txt,2016_01_22 爱是一个动词 爱是一种仪式,date_header_standalone_line,爱是一个动词爱是一种仪式 原创：咪蒙 咪蒙 2016-01-22,,89,22.58,17.0
20,01_1情感生活,2016_01_23 从什么时候开始，你觉得自己老了？ conv.txt,2016_01_23 从什么时候开始，你觉得自己老了？,date_header_standalone_line,从什么时候开始，你觉得自己老了？ 原创：咪蒙 咪蒙 2016-01-23,,174,21.82,18.5
21,01_1情感生活,2016_01_24 你明明配得上更好的生活 conv.txt,2016_01_24 你明明配得上更好的生活,date_header_standalone_line,你明明配得上更好的生活 原创：咪蒙 咪蒙 2016-01-24,,86,26.59,22.5
22,01_1情感生活,2016_01_26 你可以坚强，但不必逞强 conv.txt,2016_01_26 你可以坚强，但不必逞强,date_header_standalone_line,你可以坚强，但不必逞强 原创：咪蒙 咪蒙 2016-01-26,,131,21.05,18.0
23,01_1情感生活,2016_01_27 到底赚多少钱才算是成功？ conv.txt,2016_01_27 到底赚多少钱才算是成功？,date_header_standalone_line,到底赚多少钱才算是成功？ 原创：咪蒙 咪蒙 2016-01-27,,123,25.1,22.0
24,01_1情感生活,2016_02_02 做最艰难的事，才是进步最大的时候 conv.txt,2016_02_02 做最艰难的事，才是进步最大的时候,date_header_standalone_line,做最艰难的事，才是进步最大的时候 原创：咪蒙 咪蒙 2016-02-02,,68,25.5,23.0
25,01_1情感生活,2016_02_13 什么门当户对，不就是爱得不够 conv.txt,2016_02_13 什么门当户对，不就是爱得不够,date_header_standalone_line,什么门当户对，不就是爱得不够 原创：咪蒙 咪蒙 2016-02-13,,67,32.0,30.0
26,01_1情感生活,2016_02_14 别着急，你想要的爱情正在派送中 conv.txt,2016_02_14 别着急，你想要的爱情正在派送中,date_header_standalone_line,别着急，你想要的爱情正在派送中 原创：咪蒙 咪蒙 2016-02-14,,96,27.2,25.0
27,01_1情感生活,2016_02_15 最好的婚姻，是精神上的门当户对 conv.txt,2016_02_15 最好的婚姻，是精神上的门当户对,date_header_standalone_line,最好的婚姻，是精神上的门当户对 原创：咪蒙 咪蒙 2016-02-15,,68,33.0,27.0
28,01_1情感生活,2016_02_23 什么样的城市才是好城市_ conv.txt,2016_02_23 什么样的城市才是好城市_,date_header_standalone_line,什么样的城市才是好城市? 原创：咪蒙 咪蒙 2016-02-23,,115,33.05,28.0
29,01_1情感生活,2016_02_28 《太阳的后裔》：我喜欢这种势均力敌的爱情 conv.txt,2016_02_28 《太阳的后裔》：我喜欢这种势均力敌的爱情,date_header_standalone_line,《太阳的后裔》：我喜欢这种势均力敌的爱情 原创：咪蒙 咪蒙 2016-02-28,,199,22.55,19.0
30,01_1情感生活,2016_03_20 其实，婚姻是男人的第二次投胎 conv.txt,2016_03_20 其实，婚姻是男人的第二次投胎,date_header_standalone_line,其实，婚姻是男人的第二次投胎 原创：咪蒙 咪蒙 2016-03-20,,104,26.93,23.0
31,01_1情感生活,2016_03_21 谁说单身是因为长得丑？让你看看颜值逆天的单身狗！ conv.txt,2016_03_21 谁说单身是因为长得丑？让你看看颜值逆天的单身狗！,date_header_standalone_line,谁说单身是因为长得丑？让你看看颜值逆天的单身狗！ 原创：咪蒙 咪蒙 2016-03-21,,204,24.0,21.0
32,01_1情感生活,2016_03_23 我们和女神之间，差的不仅是颜值，还有…… conv.txt,2016_03_23 我们和女神之间，差的不仅是颜值，还有……,date_header_standalone_line,我们和女神之间，差的不仅是颜值，还有…… 原创：咪蒙 咪蒙 2016-03-23,,116,24.27,21.5
33,01_1情感生活,2016_03_31 我不讨好世界，我只讨好自己 conv.txt,2016_03_31 我不讨好世界，我只讨好自己,date_header_standalone_line,我不讨好世界，我只讨好自己 原创：咪蒙 咪蒙 2016-03-31,,85,22.46,19.0
34,01_1情感生活,2016_04_07 太阳的后裔 _ 直说了吧，姜暮烟，你配不上我老公 conv.txt,2016_04_07 太阳的后裔 _ 直说了吧，姜暮烟，你配不上我老公,date_header_standalone_line,太阳的后裔|直说了吧，姜暮烟，你配不上我老公 原创：咪蒙 咪蒙 2016-04-07,,95,27.84,22.0
35,01_1情感生活,2016_04_12 我敢保证看了这些，你会重新爱上这个世界 conv.txt,2016_04_12 我敢保证看了这些，你会重新爱上这个世界,date_header_standalone_line,我敢保证看了这些，你会重新爱上这个世界 原创：咪蒙 咪蒙 2016-04-12,,109,41.5,30.0
36,01_1情感生活,2016_04_13 可以在租来的房子里结婚吗？ conv.txt,2016_04_13 可以在租来的房子里结婚吗？,date_header_standalone_line,可以在租来的房子里结婚吗？ 原创：咪蒙 咪蒙 2016-04-13,,84,30.12,26.0
37,01_1情感生活,2016_04_22 我能想到最性感的画面，就是你跪键盘的样子 conv.txt,2016_04_22 我能想到最性感的画面，就是你跪键盘的样子,date_header_standalone_line,我能想到最性感的画面，就是你跪键盘的样子 原创：咪蒙 咪蒙 2016-04-22,,80,30.18,24.5
38,01_1情感生活,2016_04_28 我一个人活得好好的，为什么要结婚？ conv.txt,2016_04_28 我一个人活得好好的，为什么要结婚？,date_header_standalone_line,我一个人活得好好的，为什么要结婚？ 原创：咪蒙 咪蒙 2016-04-28,,118,23.44,20.0
39,01_1情感生活,2016_05_03 老妈，我希望你自私一点 conv.txt,2016_05_03 老妈，我希望你自私一点,date_header_standalone_line,老妈，我希望你自私一点 原创：咪蒙 咪蒙 2016-05-03,,99,26.0,20.0
40,01_1情感生活,2016_05_12 另一半出轨了，到底要不要原谅TA？ conv.txt,2016_05_12 另一半出轨了，到底要不要原谅TA？,date_header_standalone_line,另一半出轨了，到底要不要原谅TA？ 原创：咪蒙 咪蒙 2016-05-12,,70,26.69,20.0
41,01_1情感生活,2016_05_19 女追男隔层纱？这种屁话你也信！ conv.txt,2016_05_19 女追男隔层纱？这种屁话你也信！,date_header_standalone_line,女追男隔层纱？这种屁话你也信！ 原创：咪蒙 咪蒙 2016-05-19,,65,21.38,19.0
42,01_1情感生活,2016_05_19 比_我爱你_更重要的是，我如何爱你 conv.txt,2016_05_19 比_我爱你_更重要的是，我如何爱你,date_header_standalone_line,比“我爱你”更重要的是，我如何爱你 原创：咪蒙 咪蒙 2016-05-19,,156,26.69,19.0
43,01_1情感生活,2016_05_25 《我们仨》教我们的关于爱的9件事 conv.txt,2016_05_25 《我们仨》教我们的关于爱的9件事,date_header_with_inline_body,《我们仨》教我们的关于爱的9件事 原创：咪蒙 咪蒙 2016-05-25,本期推荐：杨绛《我们仨》《我们仨》建议倒着读。,112,24.45,22.5
44,01_1情感生活,2016_05_26 _独生子女不敢死，不敢穷，不敢远嫁，因为父母只有我_ conv.txt,2016_05_26 _独生子女不敢死，不敢穷，不敢远嫁，因为父母只有我_,date_header_standalone_line,“独生子女不敢死，不敢穷，不敢远嫁，因为父母只有我” 原创：咪蒙 咪蒙 2016-05-26,,108,26.82,25.0
45,01_1情感生活,2016_05_27 我成功地保持单身近30年，就靠这5招了 conv.txt,2016_05_27 我成功地保持单身近30年，就靠这5招了,date_header_standalone_line,我成功地保持单身近30年，就靠这5招了 原创：茜半仙 咪蒙 2016-05-27,,49,32.98,23.0
46,01_1情感生活,2016_05_30 好吃到让我疯狂爱上北京的30家外卖 conv.txt,2016_05_30 好吃到让我疯狂爱上北京的30家外卖,date_header_standalone_line,好吃到让我疯狂爱上北京的30家外卖 原创：咪蒙 咪蒙 2016-05-30,,68,51.82,34.5
47,01_1情感生活,2016_06_03 老！子！就！是！爱！吃！肉！ conv.txt,2016_06_03 老！子！就！是！爱！吃！肉！,date_header_standalone_line,老！子！就！是！爱！吃！肉！ 原创：茜半仙 咪蒙 2016-06-03,,49,23.69,20.0
48,01_1情感生活,2016_06_17 为什么嫁给一个人就像嫁给了一家人？ conv.txt,2016_06_17 为什么嫁给一个人就像嫁给了一家人？,date_header_standalone_line,为什么嫁给一个人就像嫁给了一家人？ 原创：咪蒙 咪蒙 2016-06-17,,44,26.16,25.0
49,01_1情感生活,2016_06_18 今天，我气得把全公司的女生都炒了 conv.txt,2016_06_18 今天，我气得把全公司的女生都炒了,date_header_standalone_line,今天，我气得把全公司的女生都炒了 原创：咪蒙 咪蒙 2016-06-18,,56,21.45,15.0
50,01_1情感生活,2016_06_18 男人有多爱你_就看他打脸打得有多猛! conv.txt,2016_06_18 男人有多爱你_就看他打脸打得有多猛!,date_header_standalone_line,男人有多爱你?就看他打脸打得有多猛! 原创：咪蒙 咪蒙 2016-06-18,,88,32.47,29.0
51,01_1情感生活,2016_06_24 世上所有的婆媳矛盾，都是因为这5句话 conv.txt,2016_06_24 世上所有的婆媳矛盾，都是因为这5句话,date_header_standalone_line,世上所有的婆媳矛盾，都是因为这5句话 原创：咪蒙 咪蒙 2016-06-24,,92,32.61,26.5
52,01_1情感生活,2016_06_28 你那么爱谈情怀，一定很闲吧 conv.txt,2016_06_28 你那么爱谈情怀，一定很闲吧,date_header_standalone_line,你那么爱谈情怀，一定很闲吧 原创：咪蒙 咪蒙 2016-06-28,,82,26.77,21.5
53,01_1情感生活,2016_06_29 被性侵过，我就脏掉了吗？我呸！ conv.txt,2016_06_29 被性侵过，我就脏掉了吗？我呸！,date_header_standalone_line,被性侵过，我就脏掉了吗？我呸！ 原创：咪蒙 咪蒙 2016-06-29,,71,23.92,20.0
54,01_1情感生活,2016_06_29 那些指责受害者的，你就是强奸犯的帮凶！ conv.txt,2016_06_29 那些指责受害者的，你就是强奸犯的帮凶！,date_header_standalone_line,那些指责受害者的，你就是强奸犯的帮凶！ 原创：咪蒙 咪蒙 2016-06-29,,118,29.97,25.5
55,01_1情感生活,2016_06_30 长得美的就一定过得比我们好吗？是的！ conv.txt,2016_06_30 长得美的就一定过得比我们好吗？是的！,date_header_standalone_line,长得美的就一定过得比我们好吗？是的！ 原创：咪蒙 咪蒙 2016-06-30,,83,30.0,25.0
56,01_1情感生活,2016_07_11 我就想光明正大地让前任后悔！ conv.txt,2016_07_11 我就想光明正大地让前任后悔！,date_header_standalone_line,我就想光明正大地让前任后悔！ 原创：咪蒙 咪蒙 2016-07-11,,49,31.04,27.0
57,01_1情感生活,2016_07_12 请不要对身边的单身女性，说这8句话 conv.txt,2016_07_12 请不要对身边的单身女性，说这8句话,date_header_standalone_line,请不要对身边的单身女性，说这8句话 原创：咪蒙 咪蒙 2016-07-12,,101,20.98,18.0
58,01_1情感生活,2016_07_13 永远爱国，永远热泪盈眶 conv.txt,2016_07_13 永远爱国，永远热泪盈眶,date_header_standalone_line,永远爱国，永远热泪盈眶 原创：咪蒙 咪蒙 2016-07-13,,89,26.93,23.0
59,01_1情感生活,2016_07_14 世界你等着，我来看你了 conv.txt,2016_07_14 世界你等着，我来看你了,date_header_standalone_line,世界你等着，我来看你了 原创：咪蒙 咪蒙 2016-07-14,,44,39.07,32.0
60,01_1情感生活,2016_08_03 《W两个世界》：一部超越了爱情的爱情剧 conv.txt,2016_08_03 《W两个世界》：一部超越了爱情的爱情剧,date_header_standalone_line,《W两个世界》：一部超越了爱情的爱情剧 原创：咪蒙 咪蒙 2016-08-03,,129,28.64,22.0
61,01_1情感生活,2016_08_04 你的女神，曾经是个杀马特 conv.txt,2016_08_04 你的女神，曾经是个杀马特,date_header_standalone_line,你的女神，曾经是个杀马特 原创：咪蒙 咪蒙 2016-08-04,,45,27.64,22.0
62,01_1情感生活,2016_08_04 我没有喜欢什么类型，我只喜欢你 conv.txt,2016_08_04 我没有喜欢什么类型，我只喜欢你,date_header_standalone_line,我没有喜欢什么类型，我只喜欢你 原创：咪蒙 咪蒙 2016-08-04,,110,19.81,18.0
63,01_1情感生活,2016_08_08 没有什么坎，是吃一顿过不去的 conv.txt,2016_08_08 没有什么坎，是吃一顿过不去的,date_header_standalone_line,没有什么坎，是吃一顿过不去的 原创：咪蒙 咪蒙 2016-08-08,,82,24.33,22.5
64,01_1情感生活,2016_08_09 为了爱你，他用尽了洪荒之力 conv.txt,2016_08_09 为了爱你，他用尽了洪荒之力,date_header_standalone_line,为了爱你，他用尽了洪荒之力 原创：咪蒙 咪蒙 2016-08-09,,81,24.64,21.0
65,01_1情感生活,2016_08_11 我这么努力，就是为了有说_不_的权利 conv.txt,2016_08_11 我这么努力，就是为了有说_不_的权利,date_header_standalone_line,我这么努力，就是为了有说“不”的权利 原创：咪蒙 咪蒙 2016-08-11,,75,28.84,18.0
66,01_1情感生活,2016_08_11 爱上一个人，我们会变得自卑 conv.txt,2016_08_11 爱上一个人，我们会变得自卑,date_header_standalone_line,爱上一个人，我们会变得自卑 原创：王火火 咪蒙 2016-08-11,,67,25.72,21.0
67,01_1情感生活,2016_08_12 4岁开始种下爱情 conv.txt,2016_08_12 4岁开始种下爱情,date_header_standalone_line,4岁开始种下爱情 原创：咪蒙 咪蒙 2016-08-12,,162,28.74,25.5
68,01_1情感生活,2016_08_12 我爱的男人，要有一座贞节牌坊 conv.txt,2016_08_12 我爱的男人，要有一座贞节牌坊,date_header_standalone_line,我爱的男人，要有一座贞节牌坊 原创：咪蒙 咪蒙 2016-08-12,,168,25.99,22.0
69,01_1情感生活,2016_08_12 我的理科生老公，他是外星人 conv.txt,2016_08_12 我的理科生老公，他是外星人,date_header_standalone_line,我的理科生老公，他是外星人 原创：咪蒙 咪蒙 2016-08-12,,117,27.35,21.0
70,01_1情感生活,2016_08_13 最恶毒的告白 conv.txt,2016_08_13 最恶毒的告白,date_header_with_inline_body,最恶毒的告白 原创：咪蒙 咪蒙 2016-08-13,周末故事 01分手的时候，你会跟对方说什么？ 谢谢你陪我走过最好的时光。 爱过你。 我觉得以上的话很虚伪。,114,21.77,17.5
71,01_1情感生活,2016_08_15 口红我自己买，你给我爱情就好 conv.txt,2016_08_15 口红我自己买，你给我爱情就好,date_header_standalone_line,口红我自己买，你给我爱情就好 原创：咪蒙 咪蒙 2016-08-15,,83,29.83,27.0
72,01_1情感生活,2016_08_19 与初恋结婚的概率是1% conv.txt,2016_08_19 与初恋结婚的概率是1%,date_header_with_inline_body,与初恋结婚的概率是1% 原创：咪蒙 咪蒙 2016-08-19,周末故事 03能够与初恋结婚的概率是1%。 今天是我的婚礼，我要结婚了。,124,23.18,20.0
73,01_1情感生活,2016_08_23 对不起，你的病，爱情治不了 conv.txt,2016_08_23 对不起，你的病，爱情治不了,date_header_standalone_line,对不起，你的病，爱情治不了 原创：咪蒙 咪蒙 2016-08-23,,89,25.33,22.0
74,01_1情感生活,2016_08_29 99%的女人都害怕它，但我不 conv.txt,2016_08_29 99%的女人都害怕它，但我不,date_header_standalone_line,99%的女人都害怕它，但我不 原创：咪蒙 咪蒙 2016-08-29,,89,26.6,23.0
75,01_1情感生活,2016_08_31 _离婚最主要的原因是什么？结婚_ conv.txt,2016_08_31 _离婚最主要的原因是什么？结婚_,date_header_standalone_line,“离婚最主要的原因是什么？结婚” 原创：咪蒙 咪蒙 2016-08-31,,96,31.02,25.0
76,01_1情感生活,2016_09_05 做这13件小事，能让你心情变好 conv.txt,2016_09_05 做这13件小事，能让你心情变好,date_header_standalone_line,做这13件小事，能让你心情变好 原创：咪蒙 咪蒙 2016-09-05,,65,23.17,18.0
77,01_1情感生活,2016_09_06 你要小心，爱也会伤人 conv.txt,2016_09_06 你要小心，爱也会伤人,date_header_standalone_line,你要小心，爱也会伤人 原创：咪蒙 咪蒙 2016-09-06,,59,33.8,27.0
78,01_1情感生活,2016_09_09 我的颜值不允许我有爱情故事 conv.txt,2016_09_09 我的颜值不允许我有爱情故事,date_header_standalone_line,我的颜值不允许我有爱情故事 原创：咪蒙+张静思 咪蒙 2016-09-09,,100,22.46,18.0
79,01_1情感生活,2016_09_13 你和女神之间，只差了一个短发 conv.txt,2016_09_13 你和女神之间，只差了一个短发,date_header_standalone_line,你和女神之间，只差了一个短发 原创：咪蒙 咪蒙 2016-09-13,,49,26.88,24.0
80,01_1情感生活,2016_09_14 你对自己下过狠手吗？我有 conv.txt,2016_09_14 你对自己下过狠手吗？我有,date_header_standalone_line,你对自己下过狠手吗？我有 原创：咪蒙 咪蒙 2016-09-14,,96,27.06,24.0
81,01_1情感生活,2016_09_14 老子就是喜欢五！仁！月！饼！ conv.txt,2016_09_14 老子就是喜欢五！仁！月！饼！,date_header_standalone_line,老子就是喜欢五！仁！月！饼！ 原创：咪蒙 咪蒙 2016-09-14,,54,23.98,19.5
82,01_1情感生活,2016_09_17 _我爱的人得了抑郁症_ conv.txt,2016_09_17 _我爱的人得了抑郁症_,date_header_standalone_line,“我爱的人得了抑郁症” 原创：咪蒙 咪蒙 2016-09-17,,92,31.25,27.0
83,01_1情感生活,2016_09_22 20多岁不做这６件事，你以后会哭的 conv.txt,2016_09_22 20多岁不做这６件事，你以后会哭的,date_header_standalone_line,20多岁不做这６件事，你以后会哭的 原创：咪蒙 咪蒙 2016-09-22,,68,31.0,23.0
84,01_1情感生活,2016_09_23 你是女汉子，我要保护你 conv.txt,2016_09_23 你是女汉子，我要保护你,date_header_standalone_line,你是女汉子，我要保护你 原创：咪蒙+黄经天 咪蒙 2016-09-23,,91,23.88,22.0
85,01_1情感生活,2016_09_23 爱是天时地利的迷信 conv.txt,2016_09_23 爱是天时地利的迷信,date_header_standalone_line,爱是天时地利的迷信 原创：咪蒙+黄经天 咪蒙 2016-09-23,,68,30.51,26.0
86,01_1情感生活,2016_09_26 你要爱你多一点，还是爱你久一点？ conv.txt,2016_09_26 你要爱你多一点，还是爱你久一点？,date_header_standalone_line,你要爱你多一点，还是爱你久一点？ 原创：咪蒙 咪蒙 2016-09-26,,91,25.78,23.0
87,01_1情感生活,2016_09_27 单身的快乐，你们这些谈恋爱的人不懂 conv.txt,2016_09_27 单身的快乐，你们这些谈恋爱的人不懂,date_header_standalone_line,单身的快乐，你们这些谈恋爱的人不懂 原创：王火火 咪蒙 2016-09-27,,68,24.0,19.5
88,01_1情感生活,2016_09_28 如果余生是你，我希望余生尽快开始 conv.txt,2016_09_28 如果余生是你，我希望余生尽快开始,date_header_standalone_line,如果余生是你，我希望余生尽快开始 原创：咪蒙 咪蒙 2016-09-28,,96,25.02,22.0
89,01_1情感生活,2016_09_29 不失恋，都不知道老子可以过得这么好 conv.txt,2016_09_29 不失恋，都不知道老子可以过得这么好,date_header_standalone_line,不失恋，都不知道老子可以过得这么好 原创：咪蒙 咪蒙 2016-09-29,,88,30.09,27.0
90,01_1情感生活,2016_10_07 我爱你，骗你的 conv.txt,2016_10_07 我爱你，骗你的,date_header_standalone_line,我爱你，骗你的 原创：咪蒙+钟小钟 咪蒙 2016-10-07,,115,17.34,16.0
91,01_1情感生活,2016_10_14 爱你，就想为你花很多很多钱 conv.txt,2016_10_14 爱你，就想为你花很多很多钱,date_header_standalone_line,爱你，就想为你花很多很多钱 原创：咪蒙+钟小钟 咪蒙 2016-10-14,,93,22.75,20.0
92,01_1情感生活,2016_10_19 世纪难题：为什么你爱的人不爱你？ conv.txt,2016_10_19 世纪难题：为什么你爱的人不爱你？,date_header_standalone_line,世纪难题：为什么你爱的人不爱你？ 原创：咪蒙 咪蒙 2016-10-19,,83,29.33,26.0
93,01_1情感生活,2016_10_19 口红这么纯洁的事，不要被爱情玷污了 conv.txt,2016_10_19 口红这么纯洁的事，不要被爱情玷污了,date_header_standalone_line,口红这么纯洁的事，不要被爱情玷污了 原创：咪蒙 咪蒙 2016-10-19,,57,27.16,23.0
94,01_1情感生活,2016_10_20 男生一说这10句话，我就想报警！ conv.txt,2016_10_20 男生一说这10句话，我就想报警！,date_header_standalone_line,男生一说这10句话，我就想报警！ 原创：咪蒙 咪蒙 2016-10-20,,109,19.71,18.0
95,01_1情感生活,2016_10_21 听说你是个备胎啊，我也是 conv.txt,2016_10_21 听说你是个备胎啊，我也是,date_header_standalone_line,听说你是个备胎啊，我也是 原创：咪蒙+钟小钟 咪蒙 2016-10-21,,120,20.53,19.0
96,01_1情感生活,2016_10_28 说一句我爱你，用一辈子的时间 conv.txt,2016_10_28 说一句我爱你，用一辈子的时间,date_header_standalone_line,说一句我爱你，用一辈子的时间 原创：咪蒙+张静思 咪蒙 2016-10-28,,82,27.39,22.5
97,01_1情感生活,2016_11_01 我不是高冷，我只是不爱说话 conv.txt,2016_11_01 我不是高冷，我只是不爱说话,date_header_standalone_line,我不是高冷，我只是不爱说话 原创：咪蒙 咪蒙 2016-11-01,,110,30.54,27.5
98,01_1情感生活,2016_11_03 我想替这个世界，夸夸女性 conv.txt,2016_11_03 我想替这个世界，夸夸女性,date_header_standalone_line,我想替这个世界，夸夸女性 原创：咪蒙 咪蒙 2016-11-03,,100,26.72,21.0
99,01_1情感生活,2016_11_09 女生爱问的8个问题，99%的男生都不会答 conv.txt,2016_11_09 女生爱问的8个问题，99%的男生都不会答,date_header_standalone_line,女生爱问的8个问题，99%的男生都不会答 原创：咪蒙 咪蒙 2016-11-09,,125,20.45,16.0
100,01_1情感生活,2016_11_15 我那么好，当然要配更好的包包！ conv.txt,2016_11_15 我那么好，当然要配更好的包包！,date_header_standalone_line,我那么好，当然要配更好的包包！ 原创：咪蒙 咪蒙 2016-11-15,,74,26.28,19.5
101,01_1情感生活,2016_11_16 _我们男人出轨，不是为了性_ conv.txt,2016_11_16 _我们男人出轨，不是为了性_,date_header_standalone_line,“我们男人出轨，不是为了性” 原创：咪蒙 咪蒙 2016-11-16,,95,26.45,23.0
102,01_1情感生活,2016_11_17 听说，80%的人都被背叛过 conv.txt,2016_11_17 听说，80%的人都被背叛过,date_header_standalone_line,听说，80%的人都被背叛过 原创：咪蒙 咪蒙 2016-11-17,,101,24.71,22.0
103,01_1情感生活,2016_11_23 咪蒙粉丝不能娶？呵呵，是你娶不起 conv.txt,2016_11_23 咪蒙粉丝不能娶？呵呵，是你娶不起,date_header_standalone_line,咪蒙粉丝不能娶？呵呵，是你娶不起 原创：咪蒙 咪蒙 2016-11-23,,92,23.9,20.0
104,01_1情感生活,2016_11_28 你有钱，可是你不会花啊 conv.txt,2016_11_28 你有钱，可是你不会花啊,date_header_standalone_line,你有钱，可是你不会花啊 原创：咪蒙 咪蒙 2016-11-28,,82,28.5,25.5
105,01_1情感生活,2016_12_07 因为爱你，所以我想自私一点 conv.txt,2016_12_07 因为爱你，所以我想自私一点,date_header_standalone_line,因为爱你，所以我想自私一点 原创：咪蒙 咪蒙 2016-12-07,,106,30.11,26.0
106,01_1情感生活,2016_12_09 我的婚礼，新娘睡过了头 conv.txt,2016_12_09 我的婚礼，新娘睡过了头,date_header_standalone_line,我的婚礼，新娘睡过了头 原创：邹丹丹+咪蒙 咪蒙 2016-12-09,,182,22.93,20.0
107,01_1情感生活,2016_12_13 屎尿淋在头上，你跟我说这是玩笑？ conv.txt,2016_12_13 屎尿淋在头上，你跟我说这是玩笑？,date_header_standalone_line,屎尿淋在头上，你跟我说这是玩笑？ 原创：咪蒙 咪蒙 2016-12-13,,100,31.74,26.0
108,01_1情感生活,2016_12_13 或许，我们都是校园霸凌的帮凶 conv.txt,2016_12_13 或许，我们都是校园霸凌的帮凶,date_header_standalone_line,或许，我们都是校园霸凌的帮凶 原创：咪蒙 咪蒙 2016-12-13,,100,25.14,22.5
109,01_1情感生活,2016_12_26 你看不上我？好巧，我也是 conv.txt,2016_12_26 你看不上我？好巧，我也是,date_header_standalone_line,你看不上我？好巧，我也是 原创：咪蒙 咪蒙 2016-12-26,,115,22.87,18.0
110,01_1情感生活,2016_12_28 我谈了一场见不得光的恋爱 conv.txt,2016_12_28 我谈了一场见不得光的恋爱,date_header_standalone_line,我谈了一场见不得光的恋爱 原创：咪蒙 咪蒙 2016-12-28,,88,26.08,22.0
111,01_1情感生活,2016_12_30 撩汉，我只靠碰瓷 conv.txt,2016_12_30 撩汉，我只靠碰瓷,date_header_standalone_line,撩汉，我只靠碰瓷 原创：黄经天+咪蒙 咪蒙 2016-12-30,,131,26.21,23.0
112,01_1情感生活,2017_01_04 冒昧地问一下，你有钱回家过年吗？ conv.txt,2017_01_04 冒昧地问一下，你有钱回家过年吗？,date_header_standalone_line,冒昧地问一下，你有钱回家过年吗？ 原创：咪蒙 咪蒙 2017-01-04,,65,32.38,27.0
113,01_1情感生活,2017_01_06 爱上一个人，所以一直一个人 conv.txt,2017_01_06 爱上一个人，所以一直一个人,date_header_standalone_line,爱上一个人，所以一直一个人 原创：张静思+咪蒙 咪蒙 2017-01-06,,130,24.18,22.5
114,01_1情感生活,2017_01_11 世界上只有一种男人，绝对不会出轨 conv.txt,2017_01_11 世界上只有一种男人，绝对不会出轨,date_header_standalone_line,世界上只有一种男人，绝对不会出轨 原创：咪蒙 咪蒙 2017-01-11,,122,24.52,20.0
115,01_1情感生活,2017_01_12 单身狗，你说虐不虐？虐不虐？虐不虐！！！ conv.txt,2017_01_12 单身狗，你说虐不虐？虐不虐？虐不虐！！！,date_header_standalone_line,单身狗，你说虐不虐？虐不虐？虐不虐！！！ 原创：咪蒙 咪蒙 2017-01-12,,66,23.94,20.5
116,01_1情感生活,2017_01_16 最好的婚姻，就是做彼此的脑残粉 conv.txt,2017_01_16 最好的婚姻，就是做彼此的脑残粉,date_header_standalone_line,最好的婚姻，就是做彼此的脑残粉 原创：咪蒙 咪蒙 2017-01-16,,75,30.64,25.0
117,01_1情感生活,2017_01_19 给我送外卖的，是个霸道总裁 conv.txt,2017_01_19 给我送外卖的，是个霸道总裁,date_header_standalone_line,给我送外卖的，是个霸道总裁 原创：咪蒙 咪蒙 2017-01-19,,77,22.71,21.0
118,01_1情感生活,2017_01_24 过年只能回婆家？醒醒吧，大清早亡了！ conv.txt,2017_01_24 过年只能回婆家？醒醒吧，大清早亡了！,date_header_standalone_line,过年只能回婆家？醒醒吧，大清早亡了！ 原创：咪蒙 咪蒙 2017-01-24,,91,25.74,23.0
119,01_1情感生活,2017_02_13 _他爱不爱我？_其实你心里有数 conv.txt,2017_02_13 _他爱不爱我？_其实你心里有数,date_header_standalone_line,“他爱不爱我？”其实你心里有数 原创：咪蒙 咪蒙 2017-02-13,,121,25.47,21.0
120,01_1情感生活,2017_02_21 我这么拼，是为了对我妈一掷千金！ conv.txt,2017_02_21 我这么拼，是为了对我妈一掷千金！,date_header_standalone_line,我这么拼，是为了对我妈一掷千金！ 原创：咪蒙 咪蒙 2017-02-21,,83,28.63,25.0
121,01_1情感生活,2017_02_24 南方人VS北方人：我们是如何相爱相杀的 conv.txt,2017_02_24 南方人VS北方人：我们是如何相爱相杀的,date_header_standalone_line,南方人VS北方人：我们是如何相爱相杀的 原创：咪蒙 咪蒙 2017-02-24,,94,21.28,22.0
122,01_1情感生活,2017_03_07 我最不想嫁的，是我爸那种男人 conv.txt,2017_03_07 我最不想嫁的，是我爸那种男人,date_header_standalone_line,我最不想嫁的，是我爸那种男人 原创：咪蒙 咪蒙 2017-03-07,,94,26.19,23.0
123,01_1情感生活,2017_03_08 职场女性：不敢嫁，不敢生 conv.txt,2017_03_08 职场女性：不敢嫁，不敢生,date_header_standalone_line,职场女性：不敢嫁，不敢生 原创：咪蒙 咪蒙 2017-03-08,,95,29.16,25.0
124,01_1情感生活,2017_03_22 有钱阔太的艰难生活 conv.txt,2017_03_22 有钱阔太的艰难生活,date_header_standalone_line,有钱阔太的艰难生活 原创：咪蒙 咪蒙 2017-03-22,,95,26.05,24.0
125,01_1情感生活,2017_03_24 慢慢爱上你，慢慢慢慢慢慢忘记你 conv.txt,2017_03_24 慢慢爱上你，慢慢慢慢慢慢忘记你,date_header_standalone_line,慢慢爱上你，慢慢慢慢慢慢忘记你 原创：张静思 咪蒙 2017-03-24,,117,23.18,20.0
126,01_1情感生活,2017_03_31 我爱你，只有日记本和死神知道 conv.txt,2017_03_31 我爱你，只有日记本和死神知道,date_header_standalone_line,我爱你，只有日记本和死神知道 原创：钟小钟 咪蒙 2017-03-31,,147,19.14,17.0
127,01_1情感生活,2017_04_06 你取悦自己的样子，真性感 conv.txt,2017_04_06 你取悦自己的样子，真性感,date_header_standalone_line,你取悦自己的样子，真性感 原创：咪蒙 咪蒙 2017-04-06,,79,25.9,25.0
128,01_1情感生活,2017_04_21 我拉二胡的时候最爱你 conv.txt,2017_04_21 我拉二胡的时候最爱你,date_header_standalone_line,我拉二胡的时候最爱你 原创：李野 咪蒙 2017-04-21,,147,21.29,19.0
129,01_1情感生活,2017_04_22 因为一个人，我单身了25年 conv.txt,2017_04_22 因为一个人，我单身了25年,date_header_standalone_line,因为一个人，我单身了25年 原创：咪蒙 咪蒙 2017-04-22,,76,32.5,26.0
130,01_1情感生活,2017_05_02 _谁不是一边热爱生活，一边又不想活了呢_ conv.txt,2017_05_02 _谁不是一边热爱生活，一边又不想活了呢_,date_header_standalone_line,“谁不是一边热爱生活，一边又不想活了呢” 原创：咪蒙 咪蒙 2017-05-02,,100,28.03,25.0
131,01_1情感生活,2017_05_09 没化妆，没洗头那天，我遇到了前男友…… conv.txt,2017_05_09 没化妆，没洗头那天，我遇到了前男友……,date_header_standalone_line,没化妆，没洗头那天，我遇到了前男友…… 原创：咪蒙 咪蒙 2017-05-09,,74,32.07,30.5
132,01_1情感生活,2017_05_25 _嗯_和_哦_杀死了我们的爱情 conv.txt,2017_05_25 _嗯_和_哦_杀死了我们的爱情,date_header_standalone_line,“嗯”和“哦”杀死了我们的爱情 原创：咪蒙 咪蒙 2017-05-25,,102,22.46,21.0
133,01_1情感生活,2017_05_31 她终于嫁给了年薪百万的老公，然后呢？ conv.txt,2017_05_31 她终于嫁给了年薪百万的老公，然后呢？,date_header_standalone_line,她终于嫁给了年薪百万的老公，然后呢？ 原创：咪蒙 咪蒙 2017-05-31,,71,27.93,25.0
135,01_1情感生活,2017_07_05 宋仲基&宋慧乔：对于一见钟情这件事，我该道歉，还是结婚？ conv.txt,2017_07_05 宋仲基&宋慧乔：对于一见钟情这件事，我该道歉，还是结婚？,date_header_standalone_line,宋仲基&宋慧乔：对于一见钟情这件事，我该道歉，还是结婚？ 原创：咪蒙 咪蒙 2017-07-05,,126,22.43,21.0
136,01_1情感生活,2017_07_06 看过你爱弟弟的样子，才知道你从没爱过我 conv.txt,2017_07_06 看过你爱弟弟的样子，才知道你从没爱过我,date_header_standalone_line,看过你爱弟弟的样子，才知道你从没爱过我 原创：咪蒙 咪蒙 2017-07-06,,138,23.37,20.0
137,01_1情感生活,2017_07_08 你想和咪蒙____吗？ conv.txt,2017_07_08 你想和咪蒙____吗？,date_header_standalone_line,你想和咪蒙____吗？ 原创：咪蒙 咪蒙 2017-07-08,,70,23.67,19.5
138,01_1情感生活,2017_07_08 我结婚了，有人送了10万块的大红包…… conv.txt,2017_07_08 我结婚了，有人送了10万块的大红包……,date_header_standalone_line,我结婚了，有人送了10万块的大红包…… 原创：咪蒙 咪蒙 2017-07-08,,117,26.15,19.0
139,01_1情感生活,2017_07_10 如果那天我没洗澡，结果可能会不一样 conv.txt,2017_07_10 如果那天我没洗澡，结果可能会不一样,date_header_standalone_line,如果那天我没洗澡，结果可能会不一样 原创：咪蒙 咪蒙 2017-07-10,,101,30.07,23.0
140,01_1情感生活,2017_07_11 《我的前半生》：你敢抢我老公，我就敢拱手相让！ conv.txt,2017_07_11 《我的前半生》：你敢抢我老公，我就敢拱手相让！,date_header_standalone_line,《我的前半生》：你敢抢我老公，我就敢拱手相让！ 原创：咪蒙 咪蒙 2017-07-11,,107,22.48,22.0
141,01_1情感生活,2017_07_13 原来婚姻，就是我们背对背玩手机 conv.txt,2017_07_13 原来婚姻，就是我们背对背玩手机,date_header_standalone_line,原来婚姻，就是我们背对背玩手机 原创：咪蒙 咪蒙 2017-07-13,,107,22.64,21.0
142,01_1情感生活,2017_07_14 在所有的花言巧语里，我最喜欢你 conv.txt,2017_07_14 在所有的花言巧语里，我最喜欢你,date_header_standalone_line,在所有的花言巧语里，我最喜欢你 原创：黄经天 咪蒙 2017-07-14,,121,23.1,22.0
143,01_1情感生活,2017_07_21 _我曾爱过你，想想就心酸_ conv.txt,2017_07_21 _我曾爱过你，想想就心酸_,date_header_with_inline_body,“我曾爱过你，想想就心酸” 原创：吉跳+邹蛋蛋 咪蒙 2017-07-21,据说，99%的人都希望自己有一种特异功能，能够随意进入别人的房间。 比如男神或女神的房间。 但是，真实生活中，只有0.0001%的人可以做到。,127,22.73,21.0
144,01_1情感生活,2017_07_25 早知道分手这么爽，我早就分手了! conv.txt,2017_07_25 早知道分手这么爽，我早就分手了!,date_header_with_inline_body,早知道分手这么爽，我早就分手了! 原创：咪蒙 咪蒙 2017-07-25,01遇到一个跟自己同名的人，很尴尬。 遇到一个跟自己同名的小三，更尴尬。,106,24.34,18.0
145,01_1情感生活,2017_07_26 现在撩汉能成功，全靠当年3分钟 conv.txt,2017_07_26 现在撩汉能成功，全靠当年3分钟,date_header_with_inline_body,现在撩汉能成功，全靠当年3分钟 原创：咪蒙 咪蒙 2017-07-26,01你做过什么三分钟热度的事？ 我在公司群抛出这个问题，我擦，大家都炸了。 有人想学吉他，学了半年，终于学会了弹奏一首世界名曲，《两只老虎》。,75,29.32,24.0
146,01_1情感生活,2017_07_28 _轻点，没看我女人在睡觉吗！_ conv.txt,2017_07_28 _轻点，没看我女人在睡觉吗！_,date_header_with_inline_body,“轻点，没看我女人在睡觉吗！” 原创：大志 咪蒙 2017-07-28,BY:lost7,101,24.06,21.0
147,01_1情感生活,2017_08_02 如果爱情有形状，那一定是婚纱照的模样 conv.txt,2017_08_02 如果爱情有形状，那一定是婚纱照的模样,date_header_with_inline_body,如果爱情有形状，那一定是婚纱照的模样 原创：咪蒙 咪蒙 2017-08-02,有一件事，是我们爱到情浓时，一定会去做的。 这件事发生的地点很多。 可以在酒店，可以在家里，甚至可以在小树林…… 做这件事的时候，两个人的姿势越多越好，尺度越大越有意思…… 咳咳，大家不要想歪了，我说的是拍婚纱照啊！,40,38.38,33.5
148,01_1情感生活,2017_08_03 谁再骂颜狗肤浅，我就要掏出这篇文章了 conv.txt,2017_08_03 谁再骂颜狗肤浅，我就要掏出这篇文章了,date_header_with_inline_body,谁再骂颜狗肤浅，我就要掏出这篇文章了 原创：咪蒙 咪蒙 2017-08-03,身边不少妹子从没谈过恋爱，问她们为什么，她们都说，很简单啊，四个字，“人丑、颜狗”。 就是传说中的“谁也看不上，谁也看不上”的状态吧。 她们最常听到的批判就是，你长得不怎么样，凭什么还要找帅的？,75,31.36,26.0
149,01_1情感生活,2017_08_11 老婆想要很多很多爱，我却只能给她很多很多钱 conv.txt,2017_08_11 老婆想要很多很多爱，我却只能给她很多很多钱,date_header_with_inline_body,老婆想要很多很多爱，我却只能给她很多很多钱 原创：黄经天 咪蒙 2017-08-11,BYlost7BYlost7你人生最黑暗的日子，是什么时候？ 对我而言，是现在。 我老婆死了，我很难过。,146,19.05,16.5
150,01_1情感生活,2017_08_15 人生要集齐七个渣男才能召唤真爱 conv.txt,2017_08_15 人生要集齐七个渣男才能召唤真爱,date_header_with_inline_body,人生要集齐七个渣男才能召唤真爱 原创：咪蒙 咪蒙 2017-08-15,每一次真心话大冒险都会刷新一次三观。 前段时间公司玩真心话，我第一次知道，公司很不起眼的实习生是一个超级富二代，家里的资产随时可以买下我们公 司；,88,27.92,23.5
151,01_1情感生活,2017_08_15 给不了你结婚证，那就给你房产证吧！ conv.txt,2017_08_15 给不了你结婚证，那就给你房产证吧！,date_header_with_inline_body,给不了你结婚证，那就给你房产证吧！ 原创：明日树 咪蒙 2017-08-15,曾经在知乎上看到有人问：为什么很多男人喜欢啪啪啪的时候让对方叫他爸爸？ 我没听到啪啪啪，却见到了现场喊爸爸。 老白和小叶是我的朋友，每次去ktv，他俩一定会合唱黄立行的《我是你的谁》。 每次唱到“我要你跪下来，大声喊我爸爸”，整个包厢都沸腾了。 我跟他俩碰杯：你们……好有情趣……,118,19.0,18.0
152,01_1情感生活,2017_08_16 我8岁就走上人生巅峰，还有什么可攀登的？ conv.txt,2017_08_16 我8岁就走上人生巅峰，还有什么可攀登的？,date_header_with_inline_body,我8岁就走上人生巅峰，还有什么可攀登的？ 原创：王镇 咪蒙 2017-08-16,大家好！我叫王小明，今年八岁，一个集美貌和智慧于一身的小学生。虽然我完全可以靠颜值恐吓世界，却偏要用才华 碾压众生。,62,31.89,26.0
153,01_1情感生活,2017_08_19 我们谈了一场睡不到彼此的恋爱 conv.txt,2017_08_19 我们谈了一场睡不到彼此的恋爱,date_header_with_inline_body,我们谈了一场睡不到彼此的恋爱 原创：咪蒙 咪蒙 2017-08-19,最难的爱情是什么？ 大概就是异地恋吧。,105,22.79,22.0
154,01_1情感生活,2017_08_22 不做家务，是婚姻里最可怕的男科病 conv.txt,2017_08_22 不做家务，是婚姻里最可怕的男科病,date_header_with_inline_body,不做家务，是婚姻里最可怕的男科病 原创：咪蒙 咪蒙 2017-08-22,我该离婚，还是该砍人？ 这是前两天，有个粉丝在后台留言问我的事，她被老公气到炸毛了。不是因为出轨，也不是因为家暴。,74,24.23,20.5
155,01_1情感生活,2017_08_23 那个被强奸的男人，可能到死都得不到一句道歉 conv.txt,2017_08_23 那个被强奸的男人，可能到死都得不到一句道歉,date_header_with_inline_body,那个被强奸的男人，可能到死都得不到一句道歉 原创：张花花 咪蒙 2017-08-23,想必你们都知道那件事了。 男作家李枫发文，说他在酒店房间里被同性上司要求blowjob了。虽然事情真相还没调查清楚，但随后我在朋友圈里刷 到一个学法律的学长发的状态，我很震惊。 他说：“这种事发微博有屁用，找警察都不一定有用。法律只保护男人的身体健康权和人格权，不保护男性的性自主权和 性选择权。”,77,25.9,23.0
156,01_1情感生活,2017_08_25 现实版《太阳的后裔》：和军人异地恋是一种什么体验？ conv.txt,2017_08_25 现实版《太阳的后裔》：和军人异地恋是一种什么体验？,date_header_with_inline_body,现实版《太阳的后裔》：和军人异地恋是一种什么体验？ 原创：钟小钟+李野 咪蒙 2017-08-25,BYlost7今天的周末故事，是根据粉丝的真实故事改编的。 女主就叫她詹燕燕吧，她是只单身狗。 2个月前，她对大钟一见钟情了。她觉得大钟的单眼皮单得很好看。 他们花了2天就在一起了，在一起的2个月里，詹燕燕知道了2件事： 第一，她真的很喜欢大钟。,130,23.18,18.5
157,01_1情感生活,2017_08_26 我亲眼看着男友向别的女人求婚 conv.txt,2017_08_26 我亲眼看着男友向别的女人求婚,date_header_with_inline_body,我亲眼看着男友向别的女人求婚 原创：大志 咪蒙 2017-08-26,BY猪坚强如果再给芝麻一次机会，她绝对不会在大麦生日那天，跟他分手。 因为芝麻说完分手，就变成了一颗扣子。衬衫上的扣子。 变成扣子之前，芝麻还发了一条朋友圈，那条朋友圈是张图，上面是个花圈。 大家纷纷安慰芝麻：怎么了？别太难过了，人都会死，他们会去另一个世界…… 芝麻说，我是在祭奠我死去的爱情。,132,20.73,19.0
158,01_1情感生活,2017_08_28 七夕，我在民政局排队离婚 conv.txt,2017_08_28 七夕，我在民政局排队离婚,date_header_with_inline_body,七夕，我在民政局排队离婚 原创：咪蒙 咪蒙 2017-08-28,今天七夕。 很多人会在今天结婚，这毋庸置疑。 然而，有人会在七夕这天离婚吗？,92,22.13,20.5
159,01_1情感生活,2017_08_28 和你，除了恋爱，我没什么好谈 conv.txt,2017_08_28 和你，除了恋爱，我没什么好谈,date_header_with_inline_body,和你，除了恋爱，我没什么好谈 原创：爆炸糖团队 咪蒙 2017-08-28,听说在七夕这天和你告白的人， 一定是特别爱你的人， 所以才会选择这么一个特别的日子， 想让你刻骨铭心地记住他。 总有人要爱你， 总有人要在今天和你告白， 那就决定是我吧！ 下面这些情话， 我真的很想一句一句读给你听。,22,27.0,25.0
160,01_1情感生活,2017_09_06 我把你当老公，你把我当子宫 conv.txt,2017_09_06 我把你当老公，你把我当子宫,date_header_with_inline_body,我把你当老公，你把我当子宫 原创：咪蒙 咪蒙 2017-09-06,太难过了。 大家应该都知道了，这两天最大的热点，就是陕西榆林产妇跳楼事件。 至于跳楼原因，医院和家属各执一词。 医院的说法是，产妇因为疼痛难忍，两次向家属要求剖腹产，甚至向家属下跪。 主管医生也建议家属剖腹产，但这些要求，都被家属拒绝。,99,25.42,22.0
161,01_1情感生活,2017_09_07 对渣男掏心掏肺，不如和闺蜜睡一睡 conv.txt,2017_09_07 对渣男掏心掏肺，不如和闺蜜睡一睡,date_header_with_inline_body,对渣男掏心掏肺，不如和闺蜜睡一睡 原创：咪蒙 咪蒙 2017-09-07,应该大部分女生都跟闺蜜睡过吧。 我说的是，睡一张床，盖着被子聊天，那种睡。 从小到大，我都喜欢去闺蜜家睡觉，因为闺蜜她妈做的包子巨好吃。,71,27.3,25.0
162,01_1情感生活,2017_09_08 薛之谦：和你分手是真的，忘不了你也是真的 conv.txt,2017_09_08 薛之谦：和你分手是真的，忘不了你也是真的,date_header_standalone_line,薛之谦：和你分手是真的，忘不了你也是真的 原创：杨乐多 咪蒙 2017-09-08,,94,24.28,22.0
163,01_1情感生活,2017_09_13 女生可以这么帅，我到底为什么要跟男生结婚？ conv.txt,2017_09_13 女生可以这么帅，我到底为什么要跟男生结婚？,date_header_with_inline_body,女生可以这么帅，我到底为什么要跟男生结婚？ 原创：咪蒙 咪蒙 2017-09-13,我和编剧的新书《初次爱你，请多关照》签售会，我不是放了编剧们的照片嘛，后台有粉丝说：黄经天好帅！ 女同事们纷纷表示：切，我们随便装扮一下，都比黄经天帅啊。 然后，我们真的给几个女同事做了形象大改造，真的蛮帅哦！,46,30.43,25.5
164,01_1情感生活,2017_09_14 张一白：不是所有的故事，都可以拍成电影 conv.txt,2017_09_14 张一白：不是所有的故事，都可以拍成电影,date_header_with_inline_body,张一白：不是所有的故事，都可以拍成电影 原创：咪蒙 咪蒙 2017-09-14,我跟张一白有很多共同点。 比如，我们都热衷于减肥。 经过努力，我们都取得了极其显著的成果—— 张一白成功减了35斤，我成功长了10斤。 再比如，我们都喜欢影视，都想做出牛逼的影视作品。 经过努力，我们都有了属于自己的作品——,43,41.56,39.0
165,01_1情感生活,2017_09_19 每个渣男开房时，都在说爱情 conv.txt,2017_09_19 每个渣男开房时，都在说爱情,date_header_with_inline_body,每个渣男开房时，都在说爱情 原创：老艺+小葱+咪蒙 咪蒙 2017-09-19,很多女生都遇到过渣男，她们总是疑问： 渣男花心、劈腿、搞暧昧，他们的良心不会痛吗？ 渣男到底在想什么？,141,20.46,17.0
166,01_1情感生活,2017_09_22 最般配的爱情是：我丑你瞎 conv.txt,2017_09_22 最般配的爱情是：我丑你瞎,date_header_with_inline_body,最般配的爱情是：我丑你瞎 原创：张静思 咪蒙 2017-09-22,BY夹心鸭头小象今天遇到一件幸运的事和一件倒霉的事。 幸运的是，她捡到了一个钱包。 倒霉的是，她被讹了。,132,19.57,17.0
167,01_1情感生活,2017_09_27 那个一边睡着现任，一边想着前任的男人 conv.txt,2017_09_27 那个一边睡着现任，一边想着前任的男人,date_header_with_inline_body,那个一边睡着现任，一边想着前任的男人 原创：张花花+咪蒙 咪蒙 2017-09-27,很多男人心里都有一个忘不了的前任。 但未必是初恋。 而是他付出最多、却受伤害最深的那个人。 到底男人想起前任时，在想些什么？ 这是很多女生都想知道的事。 今天我邀请了4个男生，来聊聊他们的前任。 我们谈了整整四个小时。 他们谈得很诚恳，很真实，同时，又有点让人唏嘘……,151,21.35,18.0
168,01_1情感生活,2017_10_12 _小时候不好好学习，长大可是要结婚的_ conv.txt,2017_10_12 _小时候不好好学习，长大可是要结婚的_,date_header_with_inline_body,“小时候不好好学习，长大可是要结婚的” 原创：咪蒙 咪蒙 2017-10-12,越来越多的人不想结婚了。 根据民政局发布的数据表明，今年上半年与去年上半年相比，全国离婚率同比增长10.3%，而结婚率同比下降7.5%。 甚至，我身边很多人提到婚姻，不是向往，而是恐惧…… 到底大家为什么不想结婚了？有种说法是，因为男人不缺性，女人不缺钱了。 以前，女人结婚是为了搭伙过日子，获得长期饭票；男人结婚是为了获得长期的、稳定的、合法的性。 现在，女人就是自己的饭票，老娘想买什么买什么；而男人有很多种方式通往性，大家似乎都不需要结婚了。 这一次，我们采访了150个人，发现，不结婚的理由有很多，而且跟我们想象中，不太一样。,90,30.21,26.5
169,01_1情感生活,2017_10_16 90后还在母胎单身，00后已经分手6次了 conv.txt,2017_10_16 90后还在母胎单身，00后已经分手6次了,date_header_with_inline_body,90后还在母胎单身，00后已经分手6次了 原创：咪蒙 咪蒙 2017-10-16,90后还是母胎单身狗，00后已经第6次分手了。 昨天，我邀请了20个00后来聊天，他们最小的8岁半，最大的17岁。 我的90后同事们在旁边一直各种感慨，觉得自己白活了。 00后的谈话中，充满着这样的表述： 我12岁，和男朋友恋爱长跑快6年了…… 我13岁，我人生最大的烦恼就是：异地恋真的很心累…… 到底，00后怎么谈恋爱，以及怎么看待爱？,124,21.82,19.0
170,01_1情感生活,2017_10_20 够了，别再说200块买不到好东西了！ conv.txt,2017_10_20 够了，别再说200块买不到好东西了！,date_header_with_inline_body,够了，别再说200块买不到好东西了！ 原创：咪蒙 咪蒙 2017-10-20,200块钱可以买到幸福吗？ 我的答案是——能！,56,34.59,32.5
171,01_1情感生活,2017_10_20 最完美的离婚是你嫁了小鲜肉，我成了千万富翁 conv.txt,2017_10_20 最完美的离婚是你嫁了小鲜肉，我成了千万富翁,date_header_with_inline_body,最完美的离婚是你嫁了小鲜肉，我成了千万富翁 原创：咪蒙+黄经天 咪蒙 2017-10-20,上个月，我因为要做关于前任的选题，就去采访以前打游戏的时候认识的一个大神。 他被前妻伤害过。,200,21.7,20.0
172,01_1情感生活,2017_10_23 因为输入法，我和男神在一起了 conv.txt,2017_10_23 因为输入法，我和男神在一起了,date_header_with_inline_body,因为输入法，我和男神在一起了 原创：王小二+咪蒙 咪蒙 2017-10-23,据说，输入法比爸妈还了解你，我偷偷试了试，果然——,50,22.96,23.5
173,01_1情感生活,2017_10_25 听说，90后还没结婚，就秃头了 conv.txt,2017_10_25 听说，90后还没结婚，就秃头了,date_header_with_inline_body,听说，90后还没结婚，就秃头了 原创：咪蒙 咪蒙 2017-10-25,今天，微博上有一个热门话题“90后竟已经秃了”…… 不少90后纷纷表示“扎心了”，并难过地捂住了自己的胸口…… 他们说：,25,21.84,21.0
174,01_1情感生活,2017_10_25 那天我妈和我前任打了一架 conv.txt,2017_10_25 那天我妈和我前任打了一架,date_header_with_inline_body,那天我妈和我前任打了一架 原创：咪蒙 咪蒙 2017-10-25,家人之间是没有秘密的吗。 不一定。,87,26.84,26.0
175,01_1情感生活,2017_10_26 那个谈爱情的男人，最后娶了钱 conv.txt,2017_10_26 那个谈爱情的男人，最后娶了钱,date_header_with_inline_body,那个谈爱情的男人，最后娶了钱 原创：咪蒙+黄经天 咪蒙 2017-10-26,男人是下半身思考的动物，这句话已经深入人心了。 但最近我发现，并不是这么回事。,102,28.83,22.0
176,01_1情感生活,2017_10_27 从屌丝逆袭成女神，她只用了5分钟 conv.txt,2017_10_27 从屌丝逆袭成女神，她只用了5分钟,date_header_with_inline_body,从屌丝逆袭成女神，她只用了5分钟 原创：咪蒙 咪蒙 2017-10-27,太太太太太懒！ 说的不是我自己，而是我的同事们。,59,22.9,21.0
177,01_1情感生活,2017_10_30 比直男癌更可怕的，是直男拍的照片 conv.txt,2017_10_30 比直男癌更可怕的，是直男拍的照片,date_header_standalone_line,比直男癌更可怕的，是直男拍的照片 咪蒙 咪蒙 2017-10-30,,0,0.0,0.0
178,01_1情感生活,2017_10_31 宋慧乔&宋仲基：婚礼本身的意义，就是爱情啊 conv.txt,2017_10_31 宋慧乔&宋仲基：婚礼本身的意义，就是爱情啊,date_header_with_inline_body,宋慧乔&宋仲基：婚礼本身的意义，就是爱情啊 原创：咪蒙+李粒粒 咪蒙 2017-10-31,大家好，今天是我大喜的日子。 哦不，准确地说，是我男神宋仲基和女神宋慧乔大喜的日子。,54,30.48,28.5
179,01_1情感生活,2017_11_06 老公沉迷游戏，我想送他去电击 conv.txt,2017_11_06 老公沉迷游戏，我想送他去电击,date_header_with_inline_body,老公沉迷游戏，我想送他去电击 原创：咪蒙 咪蒙 2017-11-06,我想把沉溺于游戏的老公，送进戒网瘾机构电一电。 上周，我发了一篇声讨戒网瘾机构的文章。 万万没想到，评论里点赞第一的，是这样的一条留言。,79,23.61,21.0
180,01_1情感生活,2017_11_07 有钱就可以为所欲为？马云说，是的！ conv.txt,2017_11_07 有钱就可以为所欲为？马云说，是的！,date_header_with_inline_body,有钱就可以为所欲为？马云说，是的！ 原创：咪蒙 咪蒙 2017-11-07,马云爸爸主演了电影《功守道》。 你没看错，是他主演。 然后，他和王菲合唱了这部电影的主题曲。 马上有人说这件事的本质就是： 你我本无缘，只因我有钱。,25,19.72,18.0
181,01_1情感生活,2017_11_11 有多少异地恋，隔着电话里说分手 conv.txt,2017_11_11 有多少异地恋，隔着电话里说分手,date_header_with_inline_body,有多少异地恋，隔着电话里说分手 原创：元宿 咪蒙 2017-11-11,今天这篇文章是知乎作者元宿写的。写的是他室友，一个医学生和女朋友的异地恋故事。 我之前看到的时候，就觉得很感动，然后专门去要了转载。 美好的周末，愿你在美好的爱情中，被温暖，被治愈。,89,38.88,34.0
182,01_1情感生活,2017_11_14 自从来了北京，我家成了亲戚驻京办事处 conv.txt,2017_11_14 自从来了北京，我家成了亲戚驻京办事处,date_header_with_inline_body,自从来了北京，我家成了亲戚驻京办事处 原创：咪蒙 咪蒙 2017-11-14,亲戚来你家住，你会反感吗。 前两天，武汉一个女生在网上发帖说，她和老公买了婚房，首付一共91万，她出了65万，老公出了26万，结果老公家的 亲戚成天来武汉，在她家住，她觉得很烦。,86,34.45,29.0
183,01_1情感生活,2017_11_17 我不是双性恋，我只是喜欢你 conv.txt,2017_11_17 我不是双性恋，我只是喜欢你,date_header_with_inline_body,我不是双性恋，我只是喜欢你 原创：火锅小姐 咪蒙 2017-11-17,不知道你们，最讨厌听到什么样的话？ 我最讨厌听到的，是别人突然抱住自己的身体，对我说，你不会喜欢上我，然后对我做什么吧？ 男生会对我这么说。,157,25.69,23.0
184,01_1情感生活,2017_11_21 老娘美若天仙，男友丑到上天 conv.txt,2017_11_21 老娘美若天仙，男友丑到上天,date_header_with_inline_body,老娘美若天仙，男友丑到上天 原创：咪蒙 咪蒙 2017-11-21,知乎上有一个提问“男朋友长得丑是种怎样的体验？” 我抱着吃瓜群众的心态，端着五斤瓜子点开了答案。 结果没笑，哭了。,84,31.42,26.0
185,01_1情感生活,2017_11_23 婚后第9年，我们如何假装相爱？ conv.txt,2017_11_23 婚后第9年，我们如何假装相爱？,date_header_with_inline_body,婚后第9年，我们如何假装相爱？ 原创：咪蒙 咪蒙 2017-11-23,我中年了。 我中产了。,124,25.23,22.0
186,01_1情感生活,2017_11_28 我妈去世后，我爸开始和鬼争风吃醋 conv.txt,2017_11_28 我妈去世后，我爸开始和鬼争风吃醋,date_header_with_inline_body,我妈去世后，我爸开始和鬼争风吃醋 原创：咪蒙 咪蒙 2017-11-28,之前我发了一篇爱情故事，然后我在朋友圈，看到了一个粉丝的转发语。,88,30.47,25.5
187,01_1情感生活,2017_12_06 余文乐结婚后，我和男神在一起了 conv.txt,2017_12_06 余文乐结婚后，我和男神在一起了,date_header_with_inline_body,余文乐结婚后，我和男神在一起了 原创：麦一十+咪蒙 咪蒙 2017-12-06,听说，昨天有很多女生失恋了。 原因是她们的男神——余文乐成为了别人的老公。 对于治疗失恋，我有个小妙招：,55,24.75,21.0
188,01_1情感生活,2017_12_07 我受过最痛的凌迟大刑，是你的冷暴力 conv.txt,2017_12_07 我受过最痛的凌迟大刑，是你的冷暴力,date_header_with_inline_body,我受过最痛的凌迟大刑，是你的冷暴力 原创：咪蒙 咪蒙 2017-12-07,一段感情中，男生做什么，是最让你难以忍受的？ 之前我做了一个粉丝调查，有2000多个人参与投票，结果是出轨第一，冷暴力第二。 很多人说，冷暴力比语言暴力更伤人。,100,25.05,23.0
189,01_1情感生活,2017_12_13 老公买了很多高跟鞋，但不是给我的 conv.txt,2017_12_13 老公买了很多高跟鞋，但不是给我的,date_header_with_inline_body,老公买了很多高跟鞋，但不是给我的 原创：咪蒙 咪蒙 2017-12-13,前两天，我买了一双鞋。 没想到，除了鞋，我还买到了一个故事。 鞋盒里有一张小卡片，讲述了这双鞋的诞生故事。,100,25.15,23.0
190,01_1情感生活,2017_12_15 婚姻不是爱情的坟墓，不爱才是 conv.txt,2017_12_15 婚姻不是爱情的坟墓，不爱才是,date_header_with_inline_body,婚姻不是爱情的坟墓，不爱才是 原创：张花花 咪蒙 2017-12-15,你害怕结婚吗？ 我怕。,120,23.63,21.5
191,01_1情感生活,2017_12_21 因为她上了一辆豪车，我们分手了 conv.txt,2017_12_21 因为她上了一辆豪车，我们分手了,date_header_with_inline_body,因为她上了一辆豪车，我们分手了 原创：咪蒙 咪蒙 2017-12-21,知乎上有个热度挺高的帖子：偏见可以有多可怕？ 点赞最高的答案，列举了很多对话：,93,24.98,21.0
192,01_1情感生活,2017_12_26 2017年度老公盘点 conv.txt,2017_12_26 2017年度老公盘点,date_header_with_inline_body,2017年度老公盘点 原创：咪蒙 咪蒙 2017-12-26,有人问，咪蒙，你喜欢现在的自己吗？ 坦白说，有点不喜欢了。 因为我变成了自己曾经讨厌的那种人——一个不再花痴的人。 做人，最重要的是勿忘初心，我特么都不怎么花痴小鲜肉了。,82,30.4,28.0
193,01_1情感生活,2017_12_27 _有钱人很任性？__屁，穷人才任性_ conv.txt,2017_12_27 _有钱人很任性？__屁，穷人才任性_,date_header_with_inline_body,“有钱人很任性？”“屁，穷人才任性” 原创：咪蒙 咪蒙 2017-12-27,有个东西，我打赌你绝对没有。 我说的是自制力。 不信你来做个测试。 看看下面这些选项你中了几条。,88,28.8,25.0
194,01_1情感生活,2018_01_08 你有种跟我好好开始，没种跟我好好分手 conv.txt,2018_01_08 你有种跟我好好开始，没种跟我好好分手,date_header_standalone_line,你有种跟我好好开始，没种跟我好好分手 原创：咪蒙 咪蒙 2018-01-08,,151,18.25,17.0
196,01_1情感生活,2018_01_20 前夫结婚了，婚礼是我办的 conv.txt,2018_01_20 前夫结婚了，婚礼是我办的,date_header_with_inline_body,前夫结婚了，婚礼是我办的 原创：黄经天 咪蒙 2018-01-20,分手的人，最好别见面，见面容易复合。 离婚的人，最好别见面，见面容易见血。,138,22.55,21.0
197,01_1情感生活,2018_01_25 你做饭这么难吃，老公一定很宠你吧 conv.txt,2018_01_25 你做饭这么难吃，老公一定很宠你吧,date_header_standalone_line,你做饭这么难吃，老公一定很宠你吧 原创：咪蒙 咪蒙 2018-01-25,,104,26.19,22.5
198,01_1情感生活,2018_01_26 我参加了前男友的婚礼，新娘长得像我 conv.txt,2018_01_26 我参加了前男友的婚礼，新娘长得像我,date_header_with_inline_body,我参加了前男友的婚礼，新娘长得像我 沈疏词 咪蒙 2018-01-26,现在的喜帖都很高级，在微信上可以直接发。 今天我就收到一张，是我前男友的。 “你来吗？”他发来简单的三个字。,147,22.53,20.0
199,01_1情感生活,2018_02_01 过年回家手撕前男友，该涂什么口红？ conv.txt,2018_02_01 过年回家手撕前男友，该涂什么口红？,date_header_with_inline_body,过年回家手撕前男友，该涂什么口红？ 原创：咪蒙 咪蒙 2018-02-01,距离过年只有15天了。 你们准备好新包包、新大衣、新口红了吗？,57,31.07,28.0
200,01_1情感生活,2018_02_02 _谁说男女之间没有纯友谊？我和我老公就是！_ conv.txt,2018_02_02 _谁说男女之间没有纯友谊？我和我老公就是！_,date_header_with_inline_body,“谁说男女之间没有纯友谊？我和我老公就是！” 原创：咪蒙 咪蒙 2018-02-02,前天晚上11点半，在三里屯的一家火锅店，我和从深圳来的朋友，聊起了她和老公6年都没搞过的事。 我一边烫着毛肚，一边问她，为什么不搞啊？把一个活体男人闲置在那儿，多浪费啊。 她说，没办法，我搞不下去。我和他现在已经发展成纯友谊了。真的，纯—友—谊。 我特么一坨毛肚差点呛在气管里……,119,19.72,16.0
201,01_1情感生活,2018_02_05 远嫁：融不进的婆家，回不去的娘家 conv.txt,2018_02_05 远嫁：融不进的婆家，回不去的娘家,date_header_with_inline_body,远嫁：融不进的婆家，回不去的娘家 原创：咪蒙 咪蒙 2018-02-05,第一次见面就想怼别人是不对的。我知道。 但真特么忍不住啊。,95,25.83,22.0
202,01_1情感生活,2018_02_07 只有用不好的套路，没有撩不到的男神 conv.txt,2018_02_07 只有用不好的套路，没有撩不到的男神,date_header_with_inline_body,只有用不好的套路，没有撩不到的男神 原创：咪蒙 咪蒙 2018-02-07,有一个问题，从石器时代到现在，女生一直在困惑困惑困惑。 那就是：女生在爱情里该不该主动？ 我的答案是：该！但是，你的主动，是给对方一个主动追你的机会。 明明是主动，又要让对方看不出来你主动了！ 因为男生不喜欢被征服，喜欢去狩猎。 表面上，节奏都是他在掌控； 实际上，他的每一步都在你的掌握之中。 这就需要技术了啊同学们。,84,26.1,24.0
203,01_1情感生活,2018_02_08 _要是我按下home键，就可以回到家该多好_ conv.txt,2018_02_08 _要是我按下home键，就可以回到家该多好_,date_header_with_inline_body,“要是我按下home键，就可以回到家该多好” 原创：咪蒙 咪蒙 2018-02-08,不想上班。 超级不想上班。,94,27.87,22.5
204,01_1情感生活,2018_02_13 过你们的情人节吧，我们公司单身补贴10000块！ conv.txt,2018_02_13 过你们的情人节吧，我们公司单身补贴10000块！,date_header_with_inline_body,过你们的情人节吧，我们公司单身补贴10000块！ 原创：咪蒙 咪蒙 2018-02-13,情人节，我干了单大的（不要问我“单大的”是谁）。 我们公司给每位员工的另一半，准备了1万块红包，以及一封感谢信。,57,31.3,25.0
205,01_1情感生活,2018_03_02 我爱那个18线导演，但他爱我的钱 conv.txt,2018_03_02 我爱那个18线导演，但他爱我的钱,date_header_with_inline_body,我爱那个18线导演，但他爱我的钱 原创：陈晓雯 咪蒙 2018-03-02,那些谈恋爱被骗钱的女孩，活该吗？ 活该。,166,23.92,21.0
206,01_1情感生活,2018_03_06 致前任：曾经爱过你，想想就恶心 conv.txt,2018_03_06 致前任：曾经爱过你，想想就恶心,date_header_with_inline_body,致前任：曾经爱过你，想想就恶心 原创：咪蒙 咪蒙 2018-03-06,曾经爱过你，想想就心酸。 很多人提到前任，都还带着感情的余温，遗憾and唏嘘。 而我不一样。,143,23.33,19.0
207,01_1情感生活,2018_03_07 宇宙第一难题：如何爱上自己的老公？ conv.txt,2018_03_07 宇宙第一难题：如何爱上自己的老公？,date_header_with_inline_body,宇宙第一难题：如何爱上自己的老公？ 原创：咪蒙 咪蒙 2018-03-07,今天女生节，同事今天早上就收到她爸送的礼物，她拆开一看，是一套贵妇化妆品……的小样…… 她虽然有点错愕，但还是很开心，这毕竟20多年来，她爸第一次给她送礼物。 但很快她就想跟她爸翻脸了。,78,30.4,27.0
208,01_1情感生活,2018_03_14 比起霍金的智商，我更爱他的有趣 conv.txt,2018_03_14 比起霍金的智商，我更爱他的有趣,date_header_with_inline_body,比起霍金的智商，我更爱他的有趣 原创：咪蒙 咪蒙 2018-03-14,今天完完全全被霍金刷屏了。 可能很多人喜欢的是天才的霍金。 而我喜欢的是天才而有趣的霍金。,88,29.95,26.0
209,01_1情感生活,2018_03_18 那个嫁给了富二代的校花，说很羡慕我 conv.txt,2018_03_18 那个嫁给了富二代的校花，说很羡慕我,date_header_with_inline_body,那个嫁给了富二代的校花，说很羡慕我 原创：咪蒙 咪蒙 2018-03-18,今天有人加我微信，看名字，我愣了一下。 我从来没想到过这个人会加我。,136,22.76,20.0
210,01_1情感生活,2018_03_22 前男友给我发了52000红包，我要不要跟他复合？ conv.txt,2018_03_22 前男友给我发了52000红包，我要不要跟他复合？,date_header_with_inline_body,前男友给我发了52000红包，我要不要跟他复合？ 原创：咪蒙 咪蒙 2018-03-22,春天来了，万物复苏，又到了一年一度偷懒的季节了。 所以，今天我就不写长篇大论了，讲点自己的糗事给你们听，你们大人不记小人过，笑一笑，原谅我的偷懒好不？ 哼，我就是那种，数十年如一日，都能把自己的人生过成段子的人。,71,21.2,17.0
211,01_1情感生活,2018_03_23 帅，才是男人最好的嫁妆！ conv.txt,2018_03_23 帅，才是男人最好的嫁妆！,date_header_with_inline_body,帅，才是男人最好的嫁妆！ 原创：咪蒙 咪蒙 2018-03-23,嫉妒。 嫉妒使我面目丑陋（黄小污说，老板，你丑陋好像跟嫉妒没什么关系）。 我多年的好朋友，一个36岁的女生，居然找了一个23岁的大帅比。 别人问她为什么。,105,21.83,20.0
212,01_1情感生活,2018_03_28 _张继科，你要几分甜？__我要景甜_ conv.txt,2018_03_28 _张继科，你要几分甜？__我要景甜_,date_header_with_inline_body,“张继科，你要几分甜？”“我要景甜” 原创：咪蒙 咪蒙 2018-03-28,张继科今天公开了一个我们都知道的秘密。 他和景甜在一起了。,20,25.55,19.0
213,01_1情感生活,2018_03_28 请管好你的嘴，我怕我会随时亲上去！！ conv.txt,2018_03_28 请管好你的嘴，我怕我会随时亲上去！！,date_header_with_inline_body,请管好你的嘴，我怕我会随时亲上去！！ 原创：用搜狗输入法撩 咪蒙 2018-03-28,警报，警报，单身人员请立即撤离。,24,25.71,21.5
214,01_1情感生活,2018_04_18 大半夜，男友拿着菜刀，躲在我床下 conv.txt,2018_04_18 大半夜，男友拿着菜刀，躲在我床下,date_header_with_inline_body,大半夜，男友拿着菜刀，躲在我床下 原创：咪蒙 咪蒙 2018-04-18,今天我要讲一件比被强奸更可怕的事。 湖南长沙，来打工的女生黄娇娇（化名）相亲认识了一个男生，戴某。 他俩交往到今年4月初，有一天，戴某非要跟黄娇娇亲热，黄娇娇很累，不愿意。,128,20.67,18.0
215,01_1情感生活,2018_04_24 偶遇前男友的现女友，我该何去何从？ conv.txt,2018_04_24 偶遇前男友的现女友，我该何去何从？,date_header_with_inline_body,偶遇前男友的现女友，我该何去何从？ 原创：咪蒙 咪蒙 2018-04-24,●一款让你想跟自己谈恋爱的身体乳● 这是一款日本的身体乳， 据说一推出 48小时内就被抢光了。 我向来是有理智的人。 所以，我只买了区区十七瓶—— 因为它实在是太好看了。 里面的樱花花瓣是可以挤出来的， 还可以揉开，融化到皮肤里…… 它的味道是，超级好闻……,44,30.75,31.5
216,01_1情感生活,2018_04_26 可怕！我亲眼目睹了男友自拍！！ conv.txt,2018_04_26 可怕！我亲眼目睹了男友自拍！！,date_header_with_inline_body,可怕！我亲眼目睹了男友自拍！！ 原创：咪蒙 咪蒙 2018-04-26,男生怎么在路人和男神之间快速切换？ 交一个女朋友。 因为，男生给自己拍的照片是这样：,67,20.94,19.0
217,01_1情感生活,2018_04_27 2018年，直男求生欲测试题（全国卷） conv.txt,2018_04_27 2018年，直男求生欲测试题（全国卷）,date_header_with_inline_body,2018年，直男求生欲测试题（全国卷） 原创：咪蒙 咪蒙 2018-04-27,之前看过一个节目，应采儿问陈小春，你觉得秦岚这么好看，为什么单身。 陈小春马上回答：我不熟，我不懂求生欲可以说是很强了！ 但有的男生还太年轻，不知道女朋友问的问题，早已在暗中设好了陷阱。 回答的都是分手答案。,99,21.68,19.0
218,01_1情感生活,2018_04_27 没有男朋友，怎么才能尝到恋爱的味道？ conv.txt,2018_04_27 没有男朋友，怎么才能尝到恋爱的味道？,date_header_with_inline_body,没有男朋友，怎么才能尝到恋爱的味道？ 原创：咪蒙 咪蒙 2018-04-27,五！一！ 终于要到了！！！,80,22.44,19.0
219,01_1情感生活,2018_04_29 多希望当初的你，能遇到现在的我 conv.txt,2018_04_29 多希望当初的你，能遇到现在的我,date_header_with_inline_body,多希望当初的你，能遇到现在的我 原创：咪蒙 咪蒙 2018-04-29,昨天，我们公司趁我不在（我还在敦煌出差），组团去看了《后来的我们》。 这帮禽兽。,23,19.96,17.0
220,01_1情感生活,2018_04_29 所有分手都是蓄谋已久 conv.txt,2018_04_29 所有分手都是蓄谋已久,date_header_standalone_line,所有分手都是蓄谋已久 原创：咪蒙 咪蒙 2018-04-29,,92,16.64,15.0
221,01_1情感生活,2018_05_07 长得好看，在爱情里就可以为所欲为吗？ conv.txt,2018_05_07 长得好看，在爱情里就可以为所欲为吗？,date_header_with_inline_body,长得好看，在爱情里就可以为所欲为吗？ 原创：咪蒙 咪蒙 2018-05-07,长得好看的人，在爱情里就可以为所欲为吗。 是的。,143,19.94,17.0
222,01_1情感生活,2018_05_13 因为我，我妈嫁了一个帅老公！ conv.txt,2018_05_13 因为我，我妈嫁了一个帅老公！,date_header_with_inline_body,因为我，我妈嫁了一个帅老公！ 原创：咪蒙 咪蒙 2018-05-13,母亲节前，我采访了几位妈妈：生了孩子，你后悔吗？ 得到的答案，大致分为三种：,36,18.72,16.5
223,01_1情感生活,2018_05_17 人生只有1次，我要多做几件错事！！！ conv.txt,2018_05_17 人生只有1次，我要多做几件错事！！！,date_header_with_inline_body,人生只有1次，我要多做几件错事！！！ 原创：咪蒙 咪蒙 2018-05-17,最近有记者采访我，问我这段时间有什么人生感悟？,88,20.45,17.5
224,01_1情感生活,2018_05_18 老公出轨后，我成了霸道女总裁 conv.txt,2018_05_18 老公出轨后，我成了霸道女总裁,date_header_with_inline_body,老公出轨后，我成了霸道女总裁 原创：咪蒙 咪蒙 2018-05-18,如果老公又出轨了，该怎么复仇？ 是骂他，还是打他？ 有人选择杀了他。 是不是很刺激？,109,18.56,17.0
225,01_1情感生活,2018_05_24 那个嫁得不好的姑娘，去年赚了900万！ conv.txt,2018_05_24 那个嫁得不好的姑娘，去年赚了900万！,date_header_with_inline_body,那个嫁得不好的姑娘，去年赚了900万！ 原创：咪蒙 咪蒙 2018-05-24,呵，现在的女人，越来越可怕了。 我同事静思，以前的职业规划，就是当一个贤妻良母（哦漏，贤妻良母，好久没打过这么真善美的词了）。 每天下午六点下班回家，做好饭，等老公回家，让他感受家庭的温暖。,92,24.46,21.0
226,01_1情感生活,2018_05_25 有多少欲言又止，只留在了输入框里 conv.txt,2018_05_25 有多少欲言又止，只留在了输入框里,date_header_with_inline_body,有多少欲言又止，只留在了输入框里 原创：咪蒙 咪蒙 2018-05-25,凌晨4点半，公司里还在吧嗒吧唧吧嗒。 吧唧是我在吃小龙虾，吧嗒是同事在敲键盘。 我说，别这么累，过来吃点然后回去休息吧……,40,25.15,23.5
227,01_1情感生活,2018_05_28 _我们直男从不道歉，都直接下跪！！_ conv.txt,2018_05_28 _我们直男从不道歉，都直接下跪！！_,date_header_with_inline_body,“我们直男从不道歉，都直接下跪！！” 原创：咪蒙 咪蒙 2018-05-28,痛心！ 疾首！,68,24.72,22.5
228,01_1情感生活,2018_05_31 90后：谁不是一边秃头一边恋爱 conv.txt,2018_05_31 90后：谁不是一边秃头一边恋爱,date_header_standalone_line,90后：谁不是一边秃头一边恋爱 段振宇 咪蒙 2018-05-31,,12,23.83,23.0
229,01_1情感生活,2018_05_31 对不起，我要教你把人生过得爽爽爽爽爽！ conv.txt,2018_05_31 对不起，我要教你把人生过得爽爽爽爽爽！,date_header_with_inline_body,对不起，我要教你把人生过得爽爽爽爽爽！ 原创：咪蒙 咪蒙 2018-05-31,你们害我！ 你们害我一整天都开心得在办公室旋转跳跃托马斯全旋空中转体两周半！ 看了昨天的后台留言，大家都开始学习夸自己、爱自己了。 我觉得，写文章再累，都值了。 今天我想继续跟你们说，如果你不自信，不要担心…… 自信是一种技能。,87,22.74,21.0
230,01_1情感生活,2018_06_01 我用20年变成大人，你却把我宠成孩子 conv.txt,2018_06_01 我用20年变成大人，你却把我宠成孩子,date_header_with_inline_body,我用20年变成大人，你却把我宠成孩子 原创：咪蒙 咪蒙 2018-06-01,今天是六一。 好怀念童年啊，没有什么烦恼。 不像现在，烦到爆炸。,91,21.42,18.0
231,01_1情感生活,2018_06_05 成人的世界里，做自己是一种奢侈品 conv.txt,2018_06_05 成人的世界里，做自己是一种奢侈品,date_header_with_inline_body,成人的世界里，做自己是一种奢侈品 原创：咪蒙 咪蒙 2018-06-05,说出来你们可能不信，我真的是个很欠揍的人。 有记者问我，咪蒙，脱下公号的外衣，作为一个平凡女性，你平常是怎么样的？ 我说，对不起，我从来都没有平凡过。 老子每时每刻都超凡脱俗魅力四射好吗。,82,23.2,18.5
232,01_1情感生活,2018_06_06 有一种好看，叫前任看了想复合 conv.txt,2018_06_06 有一种好看，叫前任看了想复合,date_header_with_inline_body,有一种好看，叫前任看了想复合 原创：咪蒙 咪蒙 2018-06-06,女生最怕三种恐怖桥段： 1.晚上一个人回家，一回头，身后站个人。 2.在窄巷子逃亡，不知道下个拐弯处有什么。 3.没做好心理准备，就碰到了前任。,46,30.39,27.5
233,01_1情感生活,2018_06_12 那两个爱争风吃醋的男人 conv.txt,2018_06_12 那两个爱争风吃醋的男人,date_header_with_inline_body,那两个爱争风吃醋的男人 原创：咪蒙 咪蒙 2018-06-12,我们有竞争对手。 其实父母也有。,76,21.58,21.0
234,01_1情感生活,2018_06_13 你总是间歇性努力，持续性一事无成！ conv.txt,2018_06_13 你总是间歇性努力，持续性一事无成！,date_header_with_inline_body,你总是间歇性努力，持续性一事无成！ 原创：咪蒙 咪蒙 2018-06-13,我有一个坏消息，和另一个坏消息。 坏消息是，你可能没意识到，2018年，已经过去了一半。,109,21.71,18.0
235,01_1情感生活,2018_06_14 _我老公配不上我了_ conv.txt,2018_06_14 _我老公配不上我了_,date_header_standalone_line,“我老公配不上我了” 原创：咪蒙 咪蒙 2018-06-14,,92,21.43,18.0
236,01_1情感生活,2018_06_17 怎样才能成为最难忘的前任？ conv.txt,2018_06_17 怎样才能成为最难忘的前任？,date_header_with_inline_body,怎样才能成为最难忘的前任？ 原创：咪蒙 咪蒙 2018-06-17,同事有点奇葩。,102,21.85,20.0
237,01_1情感生活,2018_06_24 对于杨超越，骂她，才是尊重她 conv.txt,2018_06_24 对于杨超越，骂她，才是尊重她,date_header_with_inline_body,对于杨超越，骂她，才是尊重她 原创：咪蒙 咪蒙 2018-06-24,今天，GQ的报道《杨超越变形记：这不是我的世界》刷屏了。 很多人转发这篇文章，纷纷表示： “虽然不喜欢杨超越，但是觉得她很可怜。” “以前觉得她爱哭很没用，现在能理解她了。” “为之前讨厌她而感到羞愧。”,84,24.83,21.0
238,01_1情感生活,2018_06_27 以结婚为目的谈恋爱，就是耍！流！氓！ conv.txt,2018_06_27 以结婚为目的谈恋爱，就是耍！流！氓！,date_header_with_inline_body,以结婚为目的谈恋爱，就是耍！流！氓！ 原创：咪蒙 咪蒙 2018-06-27,今天天气真好，特别适合绝交。 一朋友，去年底的时候，发现男朋友劈腿，还劈了3个。 其中一个还是有夫之妇。 她男友和这女人的聊天记录，全是不可描述的情节，18禁小说都不敢这么写。,102,19.01,15.0
239,01_1情感生活,2018_07_03 对不起，结婚6年后才爱上你 conv.txt,2018_07_03 对不起，结婚6年后才爱上你,date_header_standalone_line,对不起，结婚6年后才爱上你 原创：咪蒙 咪蒙 2018-07-03,,99,25.51,24.0
240,01_1情感生活,2018_07_17 那天晚上， 我和司机在车上谈了个恋爱 conv.txt,2018_07_17 那天晚上， 我和司机在车上谈了个恋爱,date_header_with_inline_body,那天晚上，我和司机在车上谈了个恋爱 原创：咪蒙 咪蒙 2018-07-17,开车了！ 车上一男一女，发出一阵阵的拟声词，回荡在道路中央。 不要想！歪！了！,15,24.93,19.0
241,01_1情感生活,2018_07_19 太奇葩了！相亲圈子大了，什么人都有！ conv.txt,2018_07_19 太奇葩了！相亲圈子大了，什么人都有！,date_header_with_inline_body,太奇葩了！相亲圈子大了，什么人都有！ 咪蒙 咪蒙 2018-07-19,同事想把自己戳瞎。 她喜欢了男神两年，终于鼓起勇气去表白。 失败了，因为她的纹身。 男神说：我不喜欢纹身的女生，不是处女，还爱乱搞。 我们让她不要自虐，出门左拐挂眼科就行。 这特么都8012年了，居然还有这样的男生！,14,24.43,20.0
242,01_1情感生活,2018_07_24 7岁的我不能恋爱，27岁的我不会恋爱 conv.txt,2018_07_24 7岁的我不能恋爱，27岁的我不会恋爱,date_header_with_inline_body,7岁的我不能恋爱，27岁的我不会恋爱 杜子 咪蒙 2018-07-24,有一天，我老公一脸猥琐地问我： “你知道Jay有女朋友了吗？“Jay是我大儿子，9岁，小学三年级。,107,26.82,21.0
243,01_1情感生活,2018_08_01 _我有病，总觉得你喜欢我。_ conv.txt,2018_08_01 _我有病，总觉得你喜欢我。_,date_header_with_inline_body,“我有病，总觉得你喜欢我。” 原创：杨小旦 咪蒙 2018-08-01,我有病，读书的时候。,19,17.53,17.0
244,01_1情感生活,2018_08_08 我最好的哥们，竟然爱上我！？ conv.txt,2018_08_08 我最好的哥们，竟然爱上我！？,date_header_with_inline_body,我最好的哥们，竟然爱上我！？ 原创：咪蒙 咪蒙 2018-08-08,男女之间有纯友谊吗？ 最近看到一句话，它说：,109,21.55,20.0
245,01_1情感生活,2018_08_16 大S剥虾上热搜？这17条建议明明更好！ conv.txt,2018_08_16 大S剥虾上热搜？这17条建议明明更好！,date_header_with_inline_body,大S剥虾上热搜？这17条建议明明更好！ 原创：咪蒙 咪蒙 2018-08-16,大S太萌了！ 昨天在综艺节目上，大S夫妇还有几对明星夫妻一起吃饭，桌上有盘虾。 她现场放话：“吃虾就是一定要男人帮你剥，不剥就不吃！” 饭桌上的陈建斌、江宏杰还有汪小菲愣了一秒，而后齐刷刷开始埋头剥虾。 哈哈哈哈哈，真是又甜又萌！ 女生们看完都嗨了！纷纷说，口红可以自己买，但是虾我不能自己剥！！ 为什么呢？,116,20.01,19.0
246,01_1情感生活,2018_08_18 大S，凭什么让汪小菲给你剥虾？！ conv.txt,2018_08_18 大S，凭什么让汪小菲给你剥虾？！,date_header_with_inline_body,大S，凭什么让汪小菲给你剥虾？！ 原创：咪蒙 咪蒙 2018-08-18,大S说，女人不能自己剥虾，要让男人剥。,146,17.85,15.5
247,01_1情感生活,2018_08_21 这个刺激的问题，你敢问男友吗？ conv.txt,2018_08_21 这个刺激的问题，你敢问男友吗？,date_header_with_inline_body,这个刺激的问题，你敢问男友吗？ 原创：咪蒙 咪蒙 2018-08-21,前段时间，同事pp写了一篇“如何被富婆包养”的攻略。 遭到了全公司的攻击。 男生很气愤，这么实用的干货，为什么不早点写？ 女生更气愤，教了男生，为什么不教教女生？,30,18.17,19.0
248,01_1情感生活,2018_08_25 其实你今天，特别适合被爱！ conv.txt,2018_08_25 其实你今天，特别适合被爱！,date_header_with_inline_body,其实你今天，特别适合被爱！ 原创：咪蒙 咪蒙 2018-08-25,朋友和老公战争三年了。 三年时间，来月经的次数，都比好好说过的话要多。 上个月终于还是离婚了。 从民政局出来，看着老公开车离开，她心里忽然有点堵。,18,25.11,22.5
249,01_1情感生活,2018_08_28 喜欢是势均力敌，爱是我TM认输！ conv.txt,2018_08_28 喜欢是势均力敌，爱是我TM认输！,date_header_with_inline_body,喜欢是势均力敌，爱是我TM认输！ 原创：咪蒙 咪蒙 2018-08-28,咱们来聊点成人话题吧。 关于爱。,62,15.5,15.5
250,01_1情感生活,2018_08_30 老公和婆婆，联手逼我增肥 conv.txt,2018_08_30 老公和婆婆，联手逼我增肥,date_header_with_inline_body,老公和婆婆，联手逼我增肥 咪蒙 咪蒙 2018-08-30,本文编辑：麦一十 杨小旦版式：Vlight 上上,1,24.0,24.0
251,01_1情感生活,2018_09_03 是的，我要离婚了 conv.txt,2018_09_03 是的，我要离婚了,date_header_with_inline_body,是的，我要离婚了 原创：咪蒙 咪蒙 2018-09-03,这两天，后台很多同学关切地问我： 咪蒙，你离婚是真的吗。 对不起，让你们担心了。 和你们一样，我也希望不是真的。,62,17.58,15.0
252,01_1情感生活,2018_09_06 我可以为你死，但不能只为你活 conv.txt,2018_09_06 我可以为你死，但不能只为你活,date_header_with_inline_body,我可以为你死，但不能只为你活 原创：咪蒙 咪蒙 2018-09-06,如果你遇到一个男人，长的、帅的，还巨巨巨巨有钱。 他每天给你买个包。,103,22.76,20.0
253,01_1情感生活,2018_09_09 房租涨1000那天，我和前任复合了 conv.txt,2018_09_09 房租涨1000那天，我和前任复合了,date_header_with_inline_body,房租涨1000那天，我和前任复合了 原创：咪蒙 咪蒙 2018-09-09,同学们，问你们一个问题，有一对准备分手的情侣突然决定不分手了，是因为什么？ 1，发现彼此还爱着对方。,67,27.64,24.0
254,01_1情感生活,2018_09_13 相亲，让我差点进了监狱 conv.txt,2018_09_13 相亲，让我差点进了监狱,date_header_with_inline_body,相亲，让我差点进了监狱 咪蒙 2018-09-13,讲一个简短的笑话：直男。 世界上有八百多万种生物，直男却从中脱颖而出，成为最搞笑的一种。 尤其在聊天时，他们最擅长把气氛搞砸，把聊天终结，把一段对话变成一个段子。 每一次征集直男尬聊，收到的邮件都比平时多很多，看来女生们应该都深受其尬了。,13,22.15,19.0
255,01_1情感生活,2018_09_14 婚后如何保持恋爱感？跟老公搞暧昧！！ conv.txt,2018_09_14 婚后如何保持恋爱感？跟老公搞暧昧！！,date_header_with_inline_body,婚后如何保持恋爱感？跟老公搞暧昧！！ 原创：意晴 咪蒙 2018-09-14,同事问我：结婚后，你最大的感受是什么？ 我：最大的感受是……好想谈恋爱啊！！,109,19.33,18.0
256,01_1情感生活,2018_09_15 咪蒙3周年 _ 世界很坏，还好你们在 conv.txt,2018_09_15 咪蒙3周年 _ 世界很坏，还好你们在,date_header_with_inline_body,咪蒙3周年|世界很坏，还好你们在 原创：咪蒙 咪蒙 2018-09-15,今天，是咪蒙公号3周年纪念日。 想跟大家说说心里话。 这一年，是我安全感崩塌的一年。 这一年，发生了很多事。,86,19.16,16.0
257,01_1情感生活,2018_09_17 和799个网友见面后，我哭了！ conv.txt,2018_09_17 和799个网友见面后，我哭了！,date_header_with_inline_body,和799个网友见面后，我哭了！ 原创：咪蒙 咪蒙 2018-09-17,有人问我，咪蒙，你自恋吗？ 哎呀妈呀。,88,20.28,17.0
258,01_1情感生活,2018_09_23 《我就是演员》：那个不知好歹的傻子，终于火了！ conv.txt,2018_09_23 《我就是演员》：那个不知好歹的傻子，终于火了！,date_header_with_inline_body,《我就是演员》：那个不知好歹的傻子，终于火了！ 原创：意晴 咪蒙 2018-09-23,你看过爱情公寓吗？ 那时你多大？,116,20.72,19.0
259,01_1情感生活,2018_09_26 和张雨绮一样敢爱敢恨的女生，最后怎么样了？ conv.txt,2018_09_26 和张雨绮一样敢爱敢恨的女生，最后怎么样了？,date_header_with_inline_body,和张雨绮一样敢爱敢恨的女生，最后怎么样了？ 杨乐多 咪蒙 2018-09-26,最近我突然对爱情和婚姻有了一些新的感悟，大概是因为发生了一些事情，听到了很多莫名其妙的声音。,100,21.67,19.0
260,01_1情感生活,2018_09_27 张雨绮离婚：我挑男人不行，但打人渣还是ok的！ conv.txt,2018_09_27 张雨绮离婚：我挑男人不行，但打人渣还是ok的！,date_header_with_inline_body,张雨绮离婚：我挑男人不行，但打人渣还是ok的！ 原创：咪蒙 咪蒙 2018-09-27,孔子说，家暴是不对的，张雨绮除外。 是的，新闻里说，张雨绮和老公发生肢体冲突，她愤而打了老公。 导致她老公有两处约1cm切割伤。,97,20.65,16.0
261,01_1情感生活,2018_10_03 《李茶的姑妈》：为什么现在的男生越来越恨嫁 conv.txt,2018_10_03 《李茶的姑妈》：为什么现在的男生越来越恨嫁,date_header_with_inline_body,《李茶的姑妈》：为什么现在的男生越来越恨嫁 原创：罗可可 咪蒙 2018-10-03,国庆已经第三天了。 跟我一样宅在家的小伙伴，是不是开始无聊啦? 无聊的时候最适合干的事什么呢？ 当然是胸口碎大石、脑门砸核桃啦！ 好啦好啦，说认真的，可以去看国庆档电影。 今天，我先跟你们说说这部最近很火的，《李茶的姑妈》。,115,19.67,17.0
262,01_1情感生活,2018_10_03 结婚那天，我突然多了30个_爸爸_！ conv.txt,2018_10_03 结婚那天，我突然多了30个_爸爸_！,date_header_with_inline_body,结婚那天，我突然多了30个“爸爸”！ 原创：咪蒙 咪蒙 2018-10-03,国庆黄金周，又名，婚礼黄金周。 娜扎当伴娘上热搜了，邓伦当伴郎上热搜了，也不知道我和车银优（我的新晋老公！王一博刘昊然胡一天邓伦对不起， 我变心了！）准备结婚的事什么时候上热搜。 结婚很开心，一是因为两个相爱的人终于能在一起了，二是因为大家都是第一次结婚，不太熟练，现场会闹出很多搞笑 的事！,60,29.15,26.0
263,01_1情感生活,2018_10_09 有一个戏精女友，是什么体验？ conv.txt,2018_10_09 有一个戏精女友，是什么体验？,date_header_with_inline_body,有一个戏精女友，是什么体验？ 原创：被甜到掉牙的 咪蒙 2018-10-09,国庆刚结束，我相信你们都有点想死。 我就不一样了。,151,17.98,16.0
264,01_1情感生活,2018_10_11 真爱预警！对方的废话正在输入…… conv.txt,2018_10_11 真爱预警！对方的废话正在输入……,date_header_with_inline_body,真爱预警！对方的废话正在输入…… 原创：杨小旦 咪蒙 2018-10-11,你喜欢说废话吗？ 我喜欢。 仅对我喜欢的人说。,26,22.85,21.0
265,01_1情感生活,2018_10_15 友情中的占有欲，比爱情还可怕 conv.txt,2018_10_15 友情中的占有欲，比爱情还可怕,date_header_with_inline_body,友情中的占有欲，比爱情还可怕 杨乐多 咪蒙 2018-10-15,女生真的是种可怕的生物。 喜欢吃醋。,198,22.47,20.0
266,01_1情感生活,2018_10_16 赵丽颖&冯绍峰：_结婚的唯一理由，是老娘爱了！_ conv.txt,2018_10_16 赵丽颖&冯绍峰：_结婚的唯一理由，是老娘爱了！_,date_header_with_inline_body,赵丽颖&冯绍峰：“结婚的唯一理由，是老娘爱了！” 原创：莉莉雅 咪蒙 2018-10-16,没有想到，赵丽颖和冯绍峰的第一次官宣，竟然就是“结婚”的重磅消息。,56,28.52,26.0
267,01_1情感生活,2018_10_17 官宣 _ 我结婚了，和一个80岁的老太太！ conv.txt,2018_10_17 官宣 _ 我结婚了，和一个80岁的老太太！,date_header_with_inline_body,官宣|我结婚了，和一个80岁的老太太！ 原创：咪蒙 咪蒙 2018-10-17,今天是重阳节，不知道你还记得吗？ 这是一个很少被提及的节日，没有法定假期，没有商家宣传，也就没有人关心。 但这是属于爷爷奶奶的，为数不多的节日啊。,58,27.29,25.0
268,01_1情感生活,2018_10_19 《娘道》：女人活着，不就是为了生儿子吗？ conv.txt,2018_10_19 《娘道》：女人活着，不就是为了生儿子吗？,date_header_with_inline_body,《娘道》：女人活着，不就是为了生儿子吗？ 原创：莉莉雅任小葱 咪蒙 2018-10-19,有点惊讶，本年度见过的最强玛丽苏，不是魏璎珞，不是扶摇，而是《娘道》里的瑛娘。,66,29.38,23.5
269,01_1情感生活,2018_10_24 又倔又硬又霸道？我就爱这样的狮子座！ conv.txt,2018_10_24 又倔又硬又霸道？我就爱这样的狮子座！,date_header_with_inline_body,又倔又硬又霸道？我就爱这样的狮子座！ 原创：麦一十 咪蒙 2018-10-24,和狮子座谈恋爱是什么样的体验？ 我拿着这个问题，问了十个朋友。 有八个朋友说：好难。 还有两个朋友说：狮子那么霸道，不适合谈恋爱吧。,78,20.06,17.0
270,01_1情感生活,2018_10_24 赵丽颖、霍思燕、应采儿都做对的一件事，你一定不知道！ conv.txt,2018_10_24 赵丽颖、霍思燕、应采儿都做对的一件事，你一定不知道！,date_header_with_inline_body,赵丽颖、霍思燕、应采儿都做对的一件事，你一定不知道！ 原创：咪蒙 咪蒙 2018-10-24,妈耶。 我们公司98年的实习生，竟然说恐婚！ 她的初吻还在呢，竟然就害怕结婚了。 我：？？？ 我以为她是个例，后来我在公司群里一问。 没想到恐婚的人那么多。,118,20.01,18.0
271,01_1情感生活,2018_10_28 唐嫣&罗晋：演过最好的爱情剧，就是我和你的婚礼！ conv.txt,2018_10_28 唐嫣&罗晋：演过最好的爱情剧，就是我和你的婚礼！,date_header_with_inline_body,唐嫣&罗晋：演过最好的爱情剧，就是我和你的婚礼！ 原创：莉莉雅 咪蒙 2018-10-28,今天，又是血槽被清空的一天！,64,29.17,27.0
272,01_1情感生活,2018_10_30 老公手机里的100个秘密，终于被我发现了... conv.txt,2018_10_30 老公手机里的100个秘密，终于被我发现了...,date_header_with_inline_body,老公手机里的100个秘密，终于被我发现了... 原创：咪蒙 咪蒙 2018-10-30,同事又跟男友撕起来了。 你们知道的嘛！我对这种事最感兴趣了！就想去吃吃瓜。,73,24.99,19.0
273,01_1情感生活,2018_11_08 妈！你为什么这么爱那个_渣男_！ conv.txt,2018_11_08 妈！你为什么这么爱那个_渣男_！,date_header_with_inline_body,妈！你为什么这么爱那个“渣男”！ 原创：莉莉雅 咪蒙 2018-11-08,最近有个节目叫《妻子的浪漫旅行》。 是几个妻子组团在外面吃吃吃玩玩玩浪浪浪。 而丈夫们，就坐在一起围观，妻子们在旅行的途中遇见的各种各样的事。,89,26.57,23.0
274,01_1情感生活,2018_11_10 _我用60块，换了一张脸！_ conv.txt,2018_11_10 _我用60块，换了一张脸！_,date_header_with_inline_body,“我用60块，换了一张脸！” 原创：咪蒙 咪蒙 2018-11-10,大家是不是都已经把闹钟调成这样，就等0点的双十一了！！！,23,49.83,41.0
275,01_1情感生活,2018_11_16 _喜欢你10年，再追你来得及吗？_ conv.txt,2018_11_16 _喜欢你10年，再追你来得及吗？_,date_header_standalone_line,“喜欢你10年，再追你来得及吗？” 原创：咪蒙 咪蒙 2018-11-16,,108,22.87,21.0
276,01_1情感生活,2018_11_19 俞敏洪：直男癌别的不行，甩锅很行！ conv.txt,2018_11_19 俞敏洪：直男癌别的不行，甩锅很行！,date_header_with_inline_body,俞敏洪：直男癌别的不行，甩锅很行！ 原创：咪蒙 咪蒙 2018-11-19,过气老男人俞敏洪红了。,98,25.82,21.0
277,01_1情感生活,2018_11_30 凌晨两点，我翻完了老公的手机… conv.txt,2018_11_30 凌晨两点，我翻完了老公的手机…,date_header_with_inline_body,凌晨两点，我翻完了老公的手机… 原创：咪蒙 咪蒙 2018-11-30,朋友聚会，喝酒，玩坦白局。 其中一个问题是：你们看另一半的手机吗？ 现场只有一个女生说不看。 因为她尊重男朋友的隐私，给他空间和自由。 当然，主要是因为她男朋友有老婆。,92,22.84,18.0
278,01_1情感生活,2018_12_06 价值613万的《宠女友秘籍》，限时免费！ conv.txt,2018_12_06 价值613万的《宠女友秘籍》，限时免费！,date_header_with_inline_body,价值613万的《宠女友秘籍》，限时免费！ 原创：麦一十 咪蒙 2018-12-06,最近，宠妻届有了新的动向！ 出现一种新新人类：彩虹屁男友。,50,21.04,19.0
279,01_1情感生活,2018_12_07 我爱上离婚有子的40岁大叔，我妈第一个支持！ conv.txt,2018_12_07 我爱上离婚有子的40岁大叔，我妈第一个支持！,date_header_with_inline_body,我爱上离婚有子的40岁大叔，我妈第一个支持！ 原创：莉莉雅 咪蒙 2018-12-07,你们有没有谈过那种特别疯狂的恋爱？？,134,23.13,20.5
281,01_1情感生活,2018_12_25 好想娶一个四川男人啊啊啊啊啊啊啊！ conv.txt,2018_12_25 好想娶一个四川男人啊啊啊啊啊啊啊！,date_header_with_inline_body,好想娶一个四川男人啊啊啊啊啊啊啊！ 原创：莉莉雅+段振宇 咪蒙 2018-12-25,跟你们说哦，我今天差点被一个新闻笑死了！ 新闻里有个四川男人，在街边接受采访，被人问道， “你觉得结了婚的男人，上交多少钱比较合适？”,94,26.94,22.0
282,01_1情感生活,2018_12_27 试问，谁不想25岁赚3亿美元啊！ conv.txt,2018_12_27 试问，谁不想25岁赚3亿美元啊！,date_header_with_inline_body,试问，谁不想25岁赚3亿美元啊！ 原创：咪蒙 咪蒙 2018-12-27,郑重宣布一件大事： 最近我想睡薛兆丰。 妈耶，逻辑好的人，太特么性感了。,106,22.92,20.5
283,01_1情感生活,2019_01_04 犯规啊啊啊！直男还能这么可爱？！ conv.txt,2019_01_04 犯规啊啊啊！直男还能这么可爱？！,date_header_with_inline_body,犯规啊啊啊！直男还能这么可爱？！ 原创：咪蒙 咪蒙 1月4日,太！无！语！了！ 粉丝大橘前两天刚跳槽，工作压力特别大，晚上回到家就抱着男友吐槽。 结果男友立马开始给她指导工作，说她分不清重点，没有目标感…… ？？？,81,19.23,16.0
284,01_1情感生活,2019_01_14 说出来你可能不信，有钱男人喜欢丑女人 conv.txt,2019_01_14 说出来你可能不信，有钱男人喜欢丑女人,date_header_with_inline_body,说出来你可能不信，有钱男人喜欢丑女人 原创：莉莉雅 咪蒙 1月14日,来吧，今天我们来讨论一个永恒的话题： 到底要怎样才能嫁给有钱人？ 要腿长两米、胸围36E，还是长得像范冰冰？,127,22.9,21.0
285,01_1情感生活,2019_01_18 比起假装高潮，我们更擅长假装陪伴 conv.txt,2019_01_18 比起假装高潮，我们更擅长假装陪伴,date_header_with_inline_body,比起假装高潮，我们更擅长假装陪伴 原创：咪蒙 咪蒙 1月18日,失恋难过的时候，你最需要什么？ 陪伴。,93,22.38,21.0
286,01_1情感生活,2019_01_19 吴x波：当我小三吗？送你去坐牢的那种！ conv.txt,2019_01_19 吴x波：当我小三吗？送你去坐牢的那种！,date_header_with_inline_body,吴x波：当我小三吗？送你去坐牢的那种！ 原创：莉莉雅 咪蒙 1月19日,2013年，“大叔”红了。 因为《北京遇上西雅图》，吴x波成了“雅痞大叔”的代表。,79,29.01,25.0
287,01_1情感生活,2019_01_28 大多数婚姻不是死于无性，而是死于无话 conv.txt,2019_01_28 大多数婚姻不是死于无性，而是死于无话,date_header_with_inline_body,大多数婚姻不是死于无性，而是死于无话 原创：咪蒙 咪蒙 1周前,大多数婚姻不是死于无性，而是死于无话。 作家艾小羊写过一篇类似的文章。 我跟朋友们聊起来，大家都觉得超共鸣。,112,22.04,18.5
288,02_2职场成长,2015_10_05 女人年轻的时候首先该干嘛？先挣钱！ conv.txt,2015_10_05 女人年轻的时候首先该干嘛？先挣钱！,date_header_standalone_line,女人年轻的时候首先该干嘛？先挣钱！ 咪蒙 2015-10-05,,73,30.64,25.0
289,02_2职场成长,2015_10_12 最可怕的是，那些富二代比你还努力啊 conv.txt,2015_10_12 最可怕的是，那些富二代比你还努力啊,date_header_standalone_line,最可怕的是，那些富二代比你还努力啊 咪蒙 2015-10-12,,77,23.16,20.0
290,02_2职场成长,2015_11_20 做你喜欢的工作，还是世俗意义上的好工作？ conv.txt,2015_11_20 做你喜欢的工作，还是世俗意义上的好工作？,date_header_standalone_line,做你喜欢的工作，还是世俗意义上的好工作？ 咪蒙 2015-11-20,,212,23.16,18.0
291,02_2职场成长,2015_12_16 作为老板，今天我又哭着下班了 conv.txt,2015_12_16 作为老板，今天我又哭着下班了,date_header_standalone_line,作为老板，今天我又哭着下班了 原创：咪蒙 咪蒙 2015-12-16,,170,25.64,22.0
292,02_2职场成长,2015_12_27 能在职场耍帅的女人才酷炫 conv.txt,2015_12_27 能在职场耍帅的女人才酷炫,date_header_standalone_line,能在职场耍帅的女人才酷炫 原创：咪蒙 咪蒙 2015-12-27,,129,20.43,17.0
293,02_2职场成长,2015_12_31 男孩要穷养？你跟孩子多大仇啊 conv.txt,2015_12_31 男孩要穷养？你跟孩子多大仇啊,date_header_standalone_line,男孩要穷养？你跟孩子多大仇啊 咪蒙 2015-12-31,,125,21.67,20.0
294,02_2职场成长,2016_01_08 不知道自己喜欢什么工作，怎么办？ conv.txt,2016_01_08 不知道自己喜欢什么工作，怎么办？,date_header_standalone_line,不知道自己喜欢什么工作，怎么办？ 咪蒙 2016-01-08,,124,22.69,21.5
295,02_2职场成长,2016_02_04 年终奖发这么少，老板你好意思吗 conv.txt,2016_02_04 年终奖发这么少，老板你好意思吗,date_header_standalone_line,年终奖发这么少，老板你好意思吗 原创：咪蒙 咪蒙 2016-02-04,,63,24.54,21.0
296,02_2职场成长,2016_03_04 我为什么辞掉稳定的工作？ conv.txt,2016_03_04 我为什么辞掉稳定的工作？,date_header_standalone_line,我为什么辞掉稳定的工作？ 原创：咪蒙 咪蒙 2016-03-04,,91,24.67,20.0
297,02_2职场成长,2016_04_18 我凭什么要相信你？ conv.txt,2016_04_18 我凭什么要相信你？,date_header_standalone_line,我凭什么要相信你？ 原创：咪蒙 咪蒙 2016-04-18,,117,21.46,19.0
298,02_2职场成长,2016_04_26 说实话，我不喜欢穷游，我喜欢富游 conv.txt,2016_04_26 说实话，我不喜欢穷游，我喜欢富游,date_header_standalone_line,说实话，我不喜欢穷游，我喜欢富游 原创：咪蒙 咪蒙 2016-04-26,,107,27.19,20.0
299,02_2职场成长,2016_05_06 你知道重男轻女的后果有多可怕吗？ conv.txt,2016_05_06 你知道重男轻女的后果有多可怕吗？,date_header_standalone_line,你知道重男轻女的后果有多可怕吗？ 原创：咪蒙 咪蒙 2016-05-06,,94,34.35,31.0
300,02_2职场成长,2016_05_13 我有10个职场经验，价值100万，但今天免费 conv.txt,2016_05_13 我有10个职场经验，价值100万，但今天免费,date_header_standalone_line,我有10个职场经验，价值100万，但今天免费 原创：咪蒙 咪蒙 2016-05-13,,149,32.91,29.0
301,02_2职场成长,2016_05_16 如果当年勇敢一次，人生会不会是另外的样子？ conv.txt,2016_05_16 如果当年勇敢一次，人生会不会是另外的样子？,date_header_standalone_line,如果当年勇敢一次，人生会不会是另外的样子？ 原创：咪蒙 咪蒙 2016-05-16,,76,34.67,24.5
302,02_2职场成长,2016_05_17 职场上， 别人说什么话会让你炸毛？ conv.txt,2016_05_17 职场上， 别人说什么话会让你炸毛？,date_header_standalone_line,职场上，别人说什么话会让你炸毛？ 原创：咪蒙 咪蒙 2016-05-17,,111,25.8,20.0
303,02_2职场成长,2016_05_23 你不是迷茫，你只是浮躁 conv.txt,2016_05_23 你不是迷茫，你只是浮躁,date_header_standalone_line,你不是迷茫，你只是浮躁 原创：咪蒙 咪蒙 2016-05-23,,92,30.26,24.0
304,02_2职场成长,2016_05_30 大学毕业生：你和牛逼工作之间就差这6条建议 conv.txt,2016_05_30 大学毕业生：你和牛逼工作之间就差这6条建议,date_header_standalone_line,大学毕业生：你和牛逼工作之间就差这6条建议 原创：咪蒙 咪蒙 2016-05-30,,99,27.2,23.0
305,02_2职场成长,2016_05_31 为什么有些人11岁就知道自己要什么？ conv.txt,2016_05_31 为什么有些人11岁就知道自己要什么？,date_header_standalone_line,为什么有些人11岁就知道自己要什么？ 原创：咪蒙 咪蒙 2016-05-31,,72,33.21,27.5
306,02_2职场成长,2016_06_07 _你不就是嫌我穷吗？__呵呵_ conv.txt,2016_06_07 _你不就是嫌我穷吗？__呵呵_,date_header_standalone_line,“你不就是嫌我穷吗？”“呵呵” 原创：咪蒙 咪蒙 2016-06-07,,80,22.94,19.0
307,02_2职场成长,2016_06_13 你知道你为什么穷吗？因为你喜欢省钱！ conv.txt,2016_06_13 你知道你为什么穷吗？因为你喜欢省钱！,date_header_standalone_line,你知道你为什么穷吗？因为你喜欢省钱！ 原创：咪蒙 咪蒙 2016-06-13,,108,25.8,22.5
308,02_2职场成长,2016_06_15 有种职业很变态，每天16小时，每周工作7天 conv.txt,2016_06_15 有种职业很变态，每天16小时，每周工作7天,date_header_standalone_line,有种职业很变态，每天16小时，每周工作7天 原创：咪蒙 咪蒙 2016-06-15,,66,23.67,20.5
309,02_2职场成长,2016_06_20 她凭什么才毕业2年，就升职3次，月薪从4000到4万？ conv.txt,2016_06_20 她凭什么才毕业2年，就升职3次，月薪从4000到4万？,date_header_standalone_line,她凭什么才毕业2年，就升职3次，月薪从4000到4万？ 原创：咪蒙 咪蒙 2016-06-20,,95,31.03,28.0
310,02_2职场成长,2016_07_04 每天都被员工虐，我感到很开心 conv.txt,2016_07_04 每天都被员工虐，我感到很开心,date_header_standalone_line,每天都被员工虐，我感到很开心 原创：咪蒙 咪蒙 2016-07-04,,53,29.53,22.0
311,02_2职场成长,2016_07_05 既然好人没好报，我们为什么还要做好人？ conv.txt,2016_07_05 既然好人没好报，我们为什么还要做好人？,date_header_standalone_line,既然好人没好报，我们为什么还要做好人？ 原创：咪蒙 咪蒙 2016-07-05,,108,26.51,23.0
312,02_2职场成长,2016_07_14 你过得不好，因为你太听话了！ conv.txt,2016_07_14 你过得不好，因为你太听话了！,date_header_standalone_line,你过得不好，因为你太听话了！ 咪蒙 咪蒙 2016-07-14,,105,24.0,20.0
313,02_2职场成长,2016_07_15 你。真。的。不。要。再。熬。夜。了。 conv.txt,2016_07_15 你。真。的。不。要。再。熬。夜。了。,date_header_standalone_line,你。真。的。不。要。再。熬。夜。了。 原创：咪蒙 咪蒙 2016-07-15,,90,26.12,22.0
314,02_2职场成长,2016_07_25 _你成功不就是运气好吗__呵呵_ conv.txt,2016_07_25 _你成功不就是运气好吗__呵呵_,date_header_standalone_line,“你成功不就是运气好吗”“呵呵” 原创：咪蒙 咪蒙 2016-07-25,,101,28.85,26.0
315,02_2职场成长,2016_08_01 失败是成功之母，这种屁话你也信？ conv.txt,2016_08_01 失败是成功之母，这种屁话你也信？,date_header_standalone_line,失败是成功之母，这种屁话你也信？ 原创：咪蒙 咪蒙 2016-08-01,,92,27.72,21.0
316,02_2职场成长,2016_08_03 你是正常人？那你别去创业公司了 conv.txt,2016_08_03 你是正常人？那你别去创业公司了,date_header_standalone_line,你是正常人？那你别去创业公司了 原创：咪蒙 咪蒙 2016-08-03,,126,26.02,23.0
317,02_2职场成长,2016_08_05 所有不谈钱的老板都是耍流氓 conv.txt,2016_08_05 所有不谈钱的老板都是耍流氓,date_header_standalone_line,所有不谈钱的老板都是耍流氓 原创：咪蒙 咪蒙 2016-08-05,,104,27.24,25.0
318,02_2职场成长,2016_08_13 我有超能力，然而我爱你 conv.txt,2016_08_13 我有超能力，然而我爱你,date_header_with_inline_body,我有超能力，然而我爱你 原创：鹿先生 咪蒙 2016-08-13,周末故事 02考拉很普通，和大部分普通人一样，吃面包蘸果酱，吃馒头喝蛋汤。 他第一次知道自己有超能力，是在一次同学聚会上。 朋友A拿出一块刚买的手表炫耀，考拉一脸羡慕的说，我好喜欢你的手表啊。边说着边喝了一口蛋汤。,35,32.89,29.0
319,02_2职场成长,2016_08_16 _我是为你好_，可我不觉得好 conv.txt,2016_08_16 _我是为你好_，可我不觉得好,date_header_standalone_line,“我是为你好”，可我不觉得好 原创：咪蒙 咪蒙 2016-08-16,,74,31.47,26.5
320,02_2职场成长,2016_08_17 有一种超人叫职场女性 conv.txt,2016_08_17 有一种超人叫职场女性,date_header_standalone_line,有一种超人叫职场女性 原创：咪蒙 咪蒙 2016-08-17,,65,32.82,26.0
321,02_2职场成长,2016_08_24 46条没钱的体验，哪一条戳中了你？ conv.txt,2016_08_24 46条没钱的体验，哪一条戳中了你？,date_header_standalone_line,46条没钱的体验，哪一条戳中了你？ 原创：咪蒙 咪蒙 2016-08-24,,103,31.25,28.0
322,02_2职场成长,2016_09_01 你购物车里的东西，配不上你的人生 conv.txt,2016_09_01 你购物车里的东西，配不上你的人生,date_header_standalone_line,你购物车里的东西，配不上你的人生 原创：咪蒙 咪蒙 2016-09-01,,60,31.67,27.0
323,02_2职场成长,2016_09_12 _我曾经想过去死_ conv.txt,2016_09_12 _我曾经想过去死_,date_header_standalone_line,“我曾经想过去死” 原创：咪蒙 咪蒙 2016-09-12,,102,28.19,25.0
324,02_2职场成长,2016_09_13 看完这7条，年薪百万只是一个小目标 conv.txt,2016_09_13 看完这7条，年薪百万只是一个小目标,date_header_standalone_line,看完这7条，年薪百万只是一个小目标 原创：咪蒙 咪蒙 2016-09-13,,81,29.84,28.0
325,02_2职场成长,2016_09_26 有些人，其实活到25岁就可以了 conv.txt,2016_09_26 有些人，其实活到25岁就可以了,date_header_standalone_line,有些人，其实活到25岁就可以了 原创：咪蒙 咪蒙 2016-09-26,,96,23.98,19.0
326,02_2职场成长,2016_10_25 你不是焦虑，你是急功近利 conv.txt,2016_10_25 你不是焦虑，你是急功近利,date_header_standalone_line,你不是焦虑，你是急功近利 原创：咪蒙 咪蒙 2016-10-25,,107,29.03,22.0
327,02_2职场成长,2016_10_26 你的问题不是穷，而是坏！ conv.txt,2016_10_26 你的问题不是穷，而是坏！,date_header_standalone_line,你的问题不是穷，而是坏！ 原创：咪蒙 咪蒙 2016-10-26,,106,24.77,22.5
328,02_2职场成长,2016_10_27 你过来，我有3个字想对你说 conv.txt,2016_10_27 你过来，我有3个字想对你说,date_header_standalone_line,你过来，我有3个字想对你说 原创：咪蒙 咪蒙 2016-10-27,,81,29.94,27.0
329,02_2职场成长,2016_11_02 _何以解忧，唯有暴富_ conv.txt,2016_11_02 _何以解忧，唯有暴富_,date_header_standalone_line,“何以解忧，唯有暴富” 原创：王火火 咪蒙 2016-11-02,,54,30.48,23.0
330,02_2职场成长,2016_11_08 你凭什么穷得心安理得？ conv.txt,2016_11_08 你凭什么穷得心安理得？,date_header_standalone_line,你凭什么穷得心安理得？ 原创：咪蒙 咪蒙 2016-11-08,,75,27.12,23.0
331,02_2职场成长,2016_11_14 你什么都没有？因为你什么都想要 conv.txt,2016_11_14 你什么都没有？因为你什么都想要,date_header_standalone_line,你什么都没有？因为你什么都想要 原创：咪蒙 咪蒙 2016-11-14,,96,28.39,24.0
332,02_2职场成长,2016_11_15 有上进心的人只有2%，你呢？ conv.txt,2016_11_15 有上进心的人只有2%，你呢？,date_header_standalone_line,有上进心的人只有2%，你呢？ 原创：咪蒙 咪蒙 2016-11-15,,87,30.01,24.0
333,02_2职场成长,2016_11_22 职场不相信眼泪，要哭回家哭 conv.txt,2016_11_22 职场不相信眼泪，要哭回家哭,date_header_standalone_line,职场不相信眼泪，要哭回家哭 原创：咪蒙 咪蒙 2016-11-22,,108,25.69,21.0
334,02_2职场成长,2016_12_01 我生来不是为了完美，而是为了牛逼 conv.txt,2016_12_01 我生来不是为了完美，而是为了牛逼,date_header_standalone_line,我生来不是为了完美，而是为了牛逼 原创：咪蒙 咪蒙 2016-12-01,,92,28.98,25.5
335,02_2职场成长,2016_12_08 你不是选择恐惧，你只是买不起 conv.txt,2016_12_08 你不是选择恐惧，你只是买不起,date_header_standalone_line,你不是选择恐惧，你只是买不起 原创：咪蒙 咪蒙 2016-12-08,,68,31.22,27.0
336,02_2职场成长,2016_12_12 会说话就能赚钱？错！是赚大钱！ conv.txt,2016_12_12 会说话就能赚钱？错！是赚大钱！,date_header_standalone_line,会说话就能赚钱？错！是赚大钱！ 原创：咪蒙 咪蒙 2016-12-12,,99,27.8,25.0
337,02_2职场成长,2016_12_15 2016年度词汇：穷 conv.txt,2016_12_15 2016年度词汇：穷,date_header_standalone_line,2016年度词汇：穷 原创：咪蒙 咪蒙 2016-12-15,,112,26.54,22.0
338,02_2职场成长,2016_12_20 _你有钱了不起啊？__了不起_ conv.txt,2016_12_20 _你有钱了不起啊？__了不起_,date_header_standalone_line,“你有钱了不起啊？”“了不起” 原创：咪蒙 咪蒙 2016-12-20,,90,31.71,27.0
339,02_2职场成长,2016_12_21 最可怕的是，你不知道自己为什么穷 conv.txt,2016_12_21 最可怕的是，你不知道自己为什么穷,date_header_standalone_line,最可怕的是，你不知道自己为什么穷 原创：咪蒙 咪蒙 2016-12-21,,124,25.57,21.5
340,02_2职场成长,2016_12_29 _每个月总有30多天不想上班_ conv.txt,2016_12_29 _每个月总有30多天不想上班_,date_header_standalone_line,“每个月总有30多天不想上班” 原创：咪蒙 咪蒙 2016-12-29,,86,29.51,23.5
341,02_2职场成长,2017_01_07 我胆子很大，却不敢和你说话 conv.txt,2017_01_07 我胆子很大，却不敢和你说话,date_header_standalone_line,我胆子很大，却不敢和你说话 原创：张静思+咪蒙 咪蒙 2017-01-07,,148,23.52,21.0
342,02_2职场成长,2017_01_18 有一种炫富叫：这是我闺女送的 conv.txt,2017_01_18 有一种炫富叫：这是我闺女送的,date_header_standalone_line,有一种炫富叫：这是我闺女送的 原创：咪蒙 咪蒙 2017-01-18,,89,25.31,23.0
343,02_2职场成长,2017_02_15 做到这6点，老板才会乖乖给你加薪 conv.txt,2017_02_15 做到这6点，老板才会乖乖给你加薪,date_header_standalone_line,做到这6点，老板才会乖乖给你加薪 原创：咪蒙 咪蒙 2017-02-15,,97,29.41,23.0
344,02_2职场成长,2017_02_23 职场性骚扰：你真的敢报警吗？ conv.txt,2017_02_23 职场性骚扰：你真的敢报警吗？,date_header_standalone_line,职场性骚扰：你真的敢报警吗？ 原创：咪蒙 咪蒙 2017-02-23,,117,27.63,23.0
345,02_2职场成长,2017_03_06 不是这届90后员工不行，是你不行 conv.txt,2017_03_06 不是这届90后员工不行，是你不行,date_header_standalone_line,不是这届90后员工不行，是你不行 原创：咪蒙 咪蒙 2017-03-06,,108,29.81,25.0
346,02_2职场成长,2017_03_13 90后：过完童年，就是中年了 conv.txt,2017_03_13 90后：过完童年，就是中年了,date_header_standalone_line,90后：过完童年，就是中年了 原创：咪蒙 咪蒙 2017-03-13,,85,27.51,26.0
347,02_2职场成长,2017_03_15 为什么你的年薪，只是别人的月薪？ conv.txt,2017_03_15 为什么你的年薪，只是别人的月薪？,date_header_standalone_line,为什么你的年薪，只是别人的月薪？ 原创：咪蒙 咪蒙 2017-03-15,,78,30.91,28.0
348,02_2职场成长,2017_03_23 老婆超能挣钱，是一种什么体验？ conv.txt,2017_03_23 老婆超能挣钱，是一种什么体验？,date_header_standalone_line,老婆超能挣钱，是一种什么体验？ 原创：咪蒙 咪蒙 2017-03-23,,97,27.47,23.0
349,02_2职场成长,2017_03_28 如何管理你的老板？ conv.txt,2017_03_28 如何管理你的老板？,date_header_standalone_line,如何管理你的老板？ 原创：咪蒙 咪蒙 2017-03-28,,92,28.99,23.0
350,02_2职场成长,2017_04_19 你哪有全力以赴，你只是尽力而为 conv.txt,2017_04_19 你哪有全力以赴，你只是尽力而为,date_header_standalone_line,你哪有全力以赴，你只是尽力而为 原创：咪蒙 咪蒙 2017-04-19,,103,23.36,21.0
351,02_2职场成长,2017_04_24 每天都想加班，这病怎么治？ conv.txt,2017_04_24 每天都想加班，这病怎么治？,date_header_standalone_line,每天都想加班，这病怎么治？ 原创：咪蒙 咪蒙 2017-04-24,,84,34.81,29.5
352,02_2职场成长,2017_05_03 你不是生活，你只是活着 conv.txt,2017_05_03 你不是生活，你只是活着,date_header_standalone_line,你不是生活，你只是活着 原创：咪蒙 咪蒙 2017-05-03,,63,34.76,28.0
353,02_2职场成长,2017_05_03 你兼顾事业和家庭，谁来兼顾你？ conv.txt,2017_05_03 你兼顾事业和家庭，谁来兼顾你？,date_header_standalone_line,你兼顾事业和家庭，谁来兼顾你？ 原创：咪蒙 咪蒙 2017-05-03,,70,32.19,29.5
354,02_2职场成长,2017_05_08 谁不是一边当老板，一边当孙子呢？ conv.txt,2017_05_08 谁不是一边当老板，一边当孙子呢？,date_header_standalone_line,谁不是一边当老板，一边当孙子呢？ 原创：咪蒙 咪蒙 2017-05-08,,90,26.27,25.0
355,02_2职场成长,2017_05_18 我年薪20万，却活得像条狗 conv.txt,2017_05_18 我年薪20万，却活得像条狗,date_header_standalone_line,我年薪20万，却活得像条狗 原创：咪蒙 咪蒙 2017-05-18,,90,25.74,24.5
356,02_2职场成长,2017_05_26 我和梦想之间，只差钱钱钱钱钱钱钱钱钱钱钱 conv.txt,2017_05_26 我和梦想之间，只差钱钱钱钱钱钱钱钱钱钱钱,date_header_standalone_line,我和梦想之间，只差钱钱钱钱钱钱钱钱钱钱钱 原创：咪蒙 咪蒙 2017-05-26,,115,24.37,21.0
357,02_2职场成长,2017_07_12 你没做错什么，你错在什么都没做 conv.txt,2017_07_12 你没做错什么，你错在什么都没做,date_header_standalone_line,你没做错什么，你错在什么都没做 原创：咪蒙 咪蒙 2017-07-12,,96,25.21,24.5
358,02_2职场成长,2017_07_17 _别和我谈梦想，我的梦想是回家躺着_ conv.txt,2017_07_17 _别和我谈梦想，我的梦想是回家躺着_,date_header_with_inline_body,“别和我谈梦想，我的梦想是回家躺着” 原创：咪蒙 咪蒙 2017-07-17,我这么有钱，为什么还要去工作？,108,27.81,21.0
359,02_2职场成长,2017_07_20 我的前半生，是《浪漫满屋》《我叫金三顺》《秘密花园》《my girl》…… conv.txt,2017_07_20 我的前半生，是《浪漫满屋》《我叫金三顺》《秘密花园》《my girl》……,date_header_with_inline_body,我的前半生，是《浪漫满屋》《我叫金三顺》《秘密花园》《mygirl》…… 原创：咪蒙 咪蒙 2017-07-20,有个词，能让我们女生瞬间高潮。 你以为是AV吗。 不，是我们女生的A片——韩剧。,98,29.42,22.0
360,02_2职场成长,2017_07_21 老板，我要请假，我爸让我回家继承皇位 conv.txt,2017_07_21 老板，我要请假，我爸让我回家继承皇位,date_header_standalone_line,老板，我要请假，我爸让我回家继承皇位 原创：咪蒙 咪蒙 2017-07-21,,39,27.64,25.0
361,02_2职场成长,2017_08_02 要不是为了钱，谁特么想工作啊 conv.txt,2017_08_02 要不是为了钱，谁特么想工作啊,date_header_with_inline_body,要不是为了钱，谁特么想工作啊 原创：咪蒙 咪蒙 2017-08-02,01,88,26.8,23.5
362,02_2职场成长,2017_08_04 20年来，我只坚持两件事：熬夜和长胖 conv.txt,2017_08_04 20年来，我只坚持两件事：熬夜和长胖,date_header_with_inline_body,20年来，我只坚持两件事：熬夜和长胖 原创：咪蒙 咪蒙 2017-08-04,你自律吗？ 我很自律。,83,28.9,22.0
363,02_2职场成长,2017_08_06 对不起，我们是一家放暑假的公司 conv.txt,2017_08_06 对不起，我们是一家放暑假的公司,date_header_with_inline_body,对不起，我们是一家放暑假的公司 原创：咪蒙 咪蒙 2017-08-06,我被一个老板朋友骂了。 他说我作为一个老板，太任性了。 事情是这样的。,75,26.6,21.0
364,02_2职场成长,2017_08_14 我努力的意义，就是可以选择和谁同行 conv.txt,2017_08_14 我努力的意义，就是可以选择和谁同行,date_header_with_inline_body,我努力的意义，就是可以选择和谁同行 原创：咪蒙 咪蒙 2017-08-14,01 我努力，就是为了远离那些傻X粉丝大木说，这是她大学期间最真实的感受。 她念的是一所野鸡大学，上的酒店管理的专科。 他们专业蛮好找工作的，一毕业就进酒店当服务员，所有同学都打定主意，好好玩三年。 只有她不甘心当学渣，想专升本，终极目标还想考复旦的研究生。,77,27.74,22.0
365,02_2职场成长,2017_08_23 我成了年薪百万的已故小说家 conv.txt,2017_08_23 我成了年薪百万的已故小说家,date_header_with_inline_body,我成了年薪百万的已故小说家 原创：周松明 咪蒙 2017-08-23,小M原本的理想是成为一名作家，这个念头萌生于小学六年级语文老师朗读了一篇他的作文，赞他是班上的小作家。后 来，他看了韩寒的《像少年啦飞驰》，开始了少年老成的写作，发表于空间。那时好友不到200人、阅读100左右、评论 10条左右。他颇为满意，有种空间里他最会写作的赶脚。,90,28.34,26.0
366,02_2职场成长,2017_09_06 那个150cm的矮同学，现在年薪百万了 conv.txt,2017_09_06 那个150cm的矮同学，现在年薪百万了,date_header_with_inline_body,那个150cm的矮同学，现在年薪百万了 原创：咪蒙 咪蒙 2017-09-06,上次拍广告的时候，遇到一个18岁的女生，她叫高文文。 她因为矮而自卑。 她是学新闻的，她说，想来我们公司实习。 我说，那你投过简历吗。,109,25.96,23.0
367,02_2职场成长,2017_09_12 从小就要听话，长大才可以一事无成呀 conv.txt,2017_09_12 从小就要听话，长大才可以一事无成呀,date_header_with_inline_body,从小就要听话，长大才可以一事无成呀 原创：咪蒙 咪蒙 2017-09-12,知乎上有个帖子，有哪些“还有这种操作”的故事？ 其中有个HR，他曾经面试过一个销售，感觉对方挺沉稳的。 面试快结束的时候，HR例行公事地问面试者，你还有什么想了解的么？ 通常，大家会问公司的企业文化、发展规划、福利、薪酬等等。 这个面试者问的是：你愿意到我的公司上班么？,84,26.73,23.5
368,02_2职场成长,2017_09_20 那些说_等我有时间了_的人，永远不会有时间 conv.txt,2017_09_20 那些说_等我有时间了_的人，永远不会有时间,date_header_with_inline_body,那些说“等我有时间了”的人，永远不会有时间 原创：咪蒙 咪蒙 2017-09-20,时间真特么不够用啊。 每天睡前超焦虑，觉得一整天什么都没干，xiu的一声，就结束了； 临到deadline时，才发现自己什么都还没做，真的很想死； 假期更不够用，每次感觉还没怎么玩呢，假期就特么过完了。 每次遇到喜欢的事，都没有时间去做，想学吉他，但要工作；想去旅游，但论文没写完…… 为什么淘宝没有卖时间的？,58,36.93,27.0
369,02_2职场成长,2017_10_09 今天是个特别的日子，特别不想上班 conv.txt,2017_10_09 今天是个特别的日子，特别不想上班,date_header_with_inline_body,今天是个特别的日子，特别不想上班 原创：咪蒙 咪蒙 2017-10-09,我的心里只有工作没有爱豆和他的女朋又要工作了！,65,34.35,31.0
370,02_2职场成长,2017_10_10 _我是来你们公司学习的……__你特么交学费了吗？_ conv.txt,2017_10_10 _我是来你们公司学习的……__你特么交学费了吗？_,date_header_standalone_line,“我是来你们公司学习的……”“你特么交学费了吗？” 原创：咪蒙 咪蒙 2017-10-10,,110,24.83,19.0
371,02_2职场成长,2017_10_11 一条豹纹内裤，让我失去了所有客户 conv.txt,2017_10_11 一条豹纹内裤，让我失去了所有客户,date_header_with_inline_body,一条豹纹内裤，让我失去了所有客户 原创：咪蒙 咪蒙 2017-10-11,从前，有个女生，三年都没有升职，后来，她知道原因的时候，特么想哭…… 当时，她向人事部递交了申请，要求升职加薪，并且把能证明自己牛逼的证据，都用荧光笔划了出来。 结果，人事去了解情况，从领导到同事，给的都是差评。,74,27.96,24.0
372,02_2职场成长,2017_10_11 我就是喜欢你看不惯我，还叫我领导的样子 conv.txt,2017_10_11 我就是喜欢你看不惯我，还叫我领导的样子,date_header_with_inline_body,我就是喜欢你看不惯我，还叫我领导的样子 原创：咪蒙 咪蒙 2017-10-11,我在一家小工厂工作，平时和大家一起吃住。,70,28.07,26.0
373,02_2职场成长,2017_10_23 职场中层：有着上等焦虑，过着下等人生 conv.txt,2017_10_23 职场中层：有着上等焦虑，过着下等人生,date_header_with_inline_body,职场中层：有着上等焦虑，过着下等人生 原创：咪蒙 咪蒙 2017-10-23,相信大家都看过一篇世界名著，谁不是一边当老板，一边当孙子呢？ 作者就是伟大的胖子，我。 当时很多读者就说，那我们做中层管理的，岂不是更惨？ 我们对上是孙子，对下也是孙子，你怎么不写写我们？,108,26.55,22.0
374,02_2职场成长,2017_10_30 吾日三省吾身：有钱了吗？有钱了吗？有钱了吗？ conv.txt,2017_10_30 吾日三省吾身：有钱了吗？有钱了吗？有钱了吗？,date_header_standalone_line,吾日三省吾身：有钱了吗？有钱了吗？有钱了吗？ 原创：咪蒙 咪蒙 2017-10-30,,92,30.55,25.5
375,02_2职场成长,2017_10_31 那天，只有章子怡把郑爽当演员 conv.txt,2017_10_31 那天，只有章子怡把郑爽当演员,date_header_with_inline_body,那天，只有章子怡把郑爽当演员 原创：咪蒙+张花花 咪蒙 2017-10-31,看章子怡怼郑爽，真爽。 章子怡怼的不是郑爽本人，而是那种不敬业的态度。,80,25.36,21.5
376,02_2职场成长,2017_11_01 谁不是一边害怕猝死，又一边熬夜呢 conv.txt,2017_11_01 谁不是一边害怕猝死，又一边熬夜呢,date_header_with_inline_body,谁不是一边害怕猝死，又一边熬夜呢 原创：咪蒙 咪蒙 2017-11-01,前段时间诺贝尔生物和医学奖，颁给了三个美国科学家，奖金有700多万。 他们的研究结果是，熬夜对身体有害。,86,30.07,20.0
377,02_2职场成长,2017_11_04 工资涨了10倍，我可能进了个假公司！ conv.txt,2017_11_04 工资涨了10倍，我可能进了个假公司！,date_header_with_inline_body,工资涨了10倍，我可能进了个假公司！ 原创：咪蒙 咪蒙 2017-11-04,先讲一个恐怖故事。 2017年还有一个多月就过完了。 这一年你做了什么？ 工资涨了吗？,116,24.34,24.0
378,02_2职场成长,2017_11_09 因为无所依仗，所以必须强大 conv.txt,2017_11_09 因为无所依仗，所以必须强大,date_header_with_inline_body,因为无所依仗，所以必须强大 原创：咪蒙 咪蒙 2017-11-09,哪一刻，你觉得人生很操蛋，很不公平？ 你中考差了3分，没有进重点中学，而你同桌差了100多分，进了重点中学重点班…… 你准备了很久，去考公务员，到考场发现有人说，她已经找好关系了，只是来走个过场…… 你毕业进了事业单位，每天加班，却一直没转正，而你同事每天上班只会涂指甲油，年底被评为优秀员工，因为她老公 是大客户……,85,31.06,30.0
379,02_2职场成长,2017_11_09 胖老板和美女员工不得不说的故事 conv.txt,2017_11_09 胖老板和美女员工不得不说的故事,date_header_with_inline_body,胖老板和美女员工不得不说的故事 咪蒙 咪蒙 2017-11-09,1,0,0.0,0.0
380,02_2职场成长,2017_11_10 每次我想说fuck的时候，我说了_好哒_ conv.txt,2017_11_10 每次我想说fuck的时候，我说了_好哒_,date_header_with_inline_body,每次我想说fuck的时候，我说了“好哒” 原创：咪蒙 咪蒙 2017-11-10,看到一项调查说，90后最喜欢的性格是率性。 什么叫率性，就是做自己、爱谁谁。 于是，我问同事们，你们身边有没有率性的人呀？ 他们说，有啊，老板，你就是这样的人！ 我很满意，我招的员工，还是很有眼光的呀。 我说，那你具体说说，我怎么率性了。 要给员工一个拍马屁的机会嘛。,87,29.0,21.0
381,02_2职场成长,2017_11_20 头发越来越秃，快乐越来越少 conv.txt,2017_11_20 头发越来越秃，快乐越来越少,date_header_with_inline_body,头发越来越秃，快乐越来越少 原创：咪蒙 咪蒙 2017-11-20,有人说，“小时候，微笑是一种心情； 长大后，微笑是一种表情。” 是啊，小时候真的好开心啊。,93,27.42,24.0
382,02_2职场成长,2017_11_22 千万别把兴趣当职业，因为太特么爽了！ conv.txt,2017_11_22 千万别把兴趣当职业，因为太特么爽了！,date_header_standalone_line,千万别把兴趣当职业，因为太特么爽了！ 原创：咪蒙 咪蒙 2017-11-22,,75,32.79,28.0
383,02_2职场成长,2017_11_28 那次团建，我参加了一场葬礼 conv.txt,2017_11_28 那次团建，我参加了一场葬礼,date_header_with_inline_body,那次团建，我参加了一场葬礼 原创：咪蒙 咪蒙 2017-11-28,同学们，你们公司团建了吗？,66,25.11,21.0
384,02_2职场成长,2017_11_30 关于加薪，老板绝对不会告诉你的4个秘密 conv.txt,2017_11_30 关于加薪，老板绝对不会告诉你的4个秘密,date_header_standalone_line,关于加薪，老板绝对不会告诉你的4个秘密 原创：咪蒙 咪蒙 2017-11-30,,98,24.32,20.0
385,02_2职场成长,2017_12_04 那个穿假名牌的室友，现在有2套房了 conv.txt,2017_12_04 那个穿假名牌的室友，现在有2套房了,date_header_with_inline_body,那个穿假名牌的室友，现在有2套房了 原创：咪蒙 咪蒙 2017-12-04,我们穷的时候，总爱说一句话，“等我有钱了”。 等我有钱了，我要把我喜欢的衣服全部买下来。 等我有钱了，我要买个名牌包，去同学会装逼。 等我有钱了，我就不工作了，天天睡到自然醒。 我们公司的副总裁王不烦，当年也是这样想的。,132,22.99,22.0
386,02_2职场成长,2017_12_07 _你是什么货色，老娘就是什么脸色_ conv.txt,2017_12_07 _你是什么货色，老娘就是什么脸色_,date_header_standalone_line,“你是什么货色，老娘就是什么脸色” 原创：咪蒙 咪蒙 2017-12-07,,84,29.76,21.5
387,02_2职场成长,2017_12_14 除了发钱，如何让员工很燃燃燃燃地工作？ conv.txt,2017_12_14 除了发钱，如何让员工很燃燃燃燃地工作？,date_header_with_inline_body,除了发钱，如何让员工很燃燃燃燃地工作？ 原创：咪蒙+王不烦 咪蒙 2017-12-14,很多老板问我，怎么才能让员工在乎自己的工作，怎么才能让员工把公司当成自己的？有没有秘诀？ 我说，有啊，很简单，把钱给到位。,87,32.24,26.0
388,02_2职场成长,2017_12_28 办公室有个戏精，我心里有句我X conv.txt,2017_12_28 办公室有个戏精，我心里有句我X,date_header_with_inline_body,办公室有个戏精，我心里有句我X 原创：咪蒙 咪蒙 2017-12-28,有一种很可怕的生物，叫职场贱人。 他表面对你友善，背后捅你一刀； 他工作能力烂透了，打小报告倒是超级擅长； 干活的时候找不到他的人，邀功的时候特么瞬间现身。 真的很想打他们。,92,29.28,25.0
389,02_2职场成长,2018_01_02 请回答2017 conv.txt,2018_01_02 请回答2017,date_header_with_inline_body,请回答2017原创：咪蒙 咪蒙 2018-01-02,有个员工问我，老板，2017年，你有什么成长吗？除了年龄。除了体重。 我想了很久，妈蛋，貌似没什么可说的。,93,28.3,24.0
390,02_2职场成长,2018_01_10 听老板的话已经过时了，你要让老板听你的话！ conv.txt,2018_01_10 听老板的话已经过时了，你要让老板听你的话！,date_header_with_inline_body,听老板的话已经过时了，你要让老板听你的话！ 原创：王不烦+咪蒙 咪蒙 2018-01-10,老板，你是傻逼吗？ 这句话，你一定在心里骂过无数次。 前几天，一个粉丝也跟我吐槽她的老板。,110,22.85,20.5
391,02_2职场成长,2018_01_12 你穿得这么穷，一定很好欺负吧 conv.txt,2018_01_12 你穿得这么穷，一定很好欺负吧,date_header_with_inline_body,你穿得这么穷，一定很好欺负吧 原创：咪蒙 咪蒙 2018-01-12,过年回家，还有比亲戚瞎BB更烦人的吗？ 黄小污就很有感触。,63,29.1,25.0
392,02_2职场成长,2018_01_15 最怕你一生碌碌无为，却还忙得要死！ conv.txt,2018_01_15 最怕你一生碌碌无为，却还忙得要死！,date_header_with_inline_body,最怕你一生碌碌无为，却还忙得要死！ 原创：咪蒙 咪蒙 2018-01-15,你有没有这种感觉？ 每天都特别忙，却不知道自己忙了些什么。 到了晚上，睡觉前，就会有一种羞愧感涌上心头。 妈的，该做的都没做，我白天都特么干了些什么？ 然而，睡了一觉，第二天又开始了这种重复性循环…… 这是我最近看的一本书《慢思考》，开头的一段话。 扎心了，扎得透透的。 我们到底为什么节奏这么快，这么忙？ 我们到底怎么才能改变这种状态？,81,29.47,27.0
393,02_2职场成长,2018_01_16 我没要求孩子考第一，但是他一定要懂这个！ conv.txt,2018_01_16 我没要求孩子考第一，但是他一定要懂这个！,date_header_with_inline_body,我没要求孩子考第一，但是他一定要懂这个！ 原创：咪蒙 咪蒙 2018-01-16,咪蒙你说说，这个hr是不是有病？ 一个大四女生留言跟我吐槽说，她去BAT面试新媒体岗位，hr不好好问她新媒体方向的问题，反而让她读一本关于人工智 能的书，问她人工智能方向的问题。,84,30.69,24.5
395,02_2职场成长,2018_01_25 茅侃侃自杀：在公司死之前，他选择了死 conv.txt,2018_01_25 茅侃侃自杀：在公司死之前，他选择了死,date_header_with_inline_body,茅侃侃自杀：在公司死之前，他选择了死 原创：咪蒙 咪蒙 2018-01-25,兔死狐悲。 又一个创业者自杀了。,105,25.73,21.0
396,02_2职场成长,2018_01_30 听说，一切不发钱的年会都是在耍流氓！ conv.txt,2018_01_30 听说，一切不发钱的年会都是在耍流氓！,date_header_with_inline_body,听说，一切不发钱的年会都是在耍流氓！ 原创：咪蒙+桑兔兔 咪蒙 2018-01-30,有人说，年会就是一场大型集体尬演活动， 一开始我是坚决不相信的，直到我看到了下面的奇葩年会，才深刻地体会到那句经典的老话：,29,42.72,32.0
397,02_2职场成长,2018_02_06 谁能想到，我的年终奖是10个馒头 conv.txt,2018_02_06 谁能想到，我的年终奖是10个馒头,date_header_with_inline_body,谁能想到，我的年终奖是10个馒头 原创：咪蒙 咪蒙 2018-02-06,哈哈哈哈哈哈。 上午去银行办卡，听到两个男生抱怨他们公司的年终奖，我听了不厚道地笑了。一个男生说，他去年入职的时候，老板 就拍着他的肩膀说了，好好干，年终有福利！,90,28.53,24.5
398,02_2职场成长,2018_02_07 那天我骑自行车，蹭到了员工的玛莎拉蒂…… conv.txt,2018_02_07 那天我骑自行车，蹭到了员工的玛莎拉蒂……,date_header_with_inline_body,那天我骑自行车，蹭到了员工的玛莎拉蒂…… 原创：咪蒙 咪蒙 2018-02-07,我的老板朋友姜老刀在朋友圈发了一张照片，他让大家猜猜看，哪部车是他的，哪部车是他的员工的。,95,21.63,19.0
399,02_2职场成长,2018_03_03 他辞职以后，前同事拿了1个亿的奖金 conv.txt,2018_03_03 他辞职以后，前同事拿了1个亿的奖金,date_header_with_inline_body,他辞职以后，前同事拿了1个亿的奖金 原创：咪蒙 咪蒙 2018-03-03,一夜暴富这种事，如果不是发生在自己身上，总是让人火大的。 我看到网上有人抱怨，他大学同学，3年前机缘巧合，给一个创业公司投了10万块。 前段时间这家公司上市，市值飙升，他同学投的那10万块，变成了4500万。 4500万啊，女士们乡亲们，在北京都可以买好几套房了（我一点也不羡慕，我也在北京租过好几次房了，哼）。 于是，他就在网上感慨，妈的，这种馅饼怎么不掉在自己头上？？？ 这种心情我是理解的，谁特么不想天上掉馅饼呢。 但我忍不住想说句实话，就算天上掉馅饼，我们也不一定接得住啊。,77,30.27,27.0
400,02_2职场成长,2018_03_05 注意，如何年薪30万的知识点来了 conv.txt,2018_03_05 注意，如何年薪30万的知识点来了,date_header_with_inline_body,注意，如何年薪30万的知识点来了 原创：咪蒙 咪蒙 2018-03-05,前几天，我跟一个BAT高管聊天，他说他们团队的人这一年几乎都在西班牙和荷兰出差，而且他们公司福利很好，食堂都 有三层，东西又便宜又好吃……,94,27.03,25.0
401,02_2职场成长,2018_03_07 妈，别再去打折区了！你儿子有钱！ conv.txt,2018_03_07 妈，别再去打折区了！你儿子有钱！,date_header_with_inline_body,妈，别再去打折区了！你儿子有钱！ pp 咪蒙 2018-03-07,你们上班多久了？,82,28.05,22.5
402,02_2职场成长,2018_03_15 女人，你的智障成功引起了我的注意 conv.txt,2018_03_15 女人，你的智障成功引起了我的注意,date_header_with_inline_body,女人，你的智障成功引起了我的注意 原创：咪蒙 咪蒙 2018-03-15,有一天，有个同事很激动地跟我说： 老板，快看快看，这里有一部小说是以你为原型的。 我很兴奋，想必女主角肯定跟我一样，美貌、有趣、以及有才华！！ 看了几段，我很生气，这个女主角明明是个智障！！！ 同事很开心地问我：怎么样，很像你吧，跟弱智一样。 怎么讲呢，这个同事正在写一万字的检讨！,52,27.12,22.0
403,02_2职场成长,2018_03_19 那个拼命要进娱乐圈的女生，现在月薪1800 conv.txt,2018_03_19 那个拼命要进娱乐圈的女生，现在月薪1800,date_header_with_inline_body,那个拼命要进娱乐圈的女生，现在月薪1800 原创：咪蒙 咪蒙 2018-03-19,看到网上有人发帖问，大四狗一枚，喜欢追星，只想进娱乐公司。但是做宣传吧，我文笔又不好；做经纪吧，我又是社 交障碍。但我真的不想找一般的工作，太没劲了。求大神指点，我该怎么办。,105,25.58,21.0
404,02_2职场成长,2018_03_28 你总害怕失去，所以你会一直失去。 conv.txt,2018_03_28 你总害怕失去，所以你会一直失去。,date_header_with_inline_body,你总害怕失去，所以你会一直失去。 原创：咪蒙 咪蒙 2018-03-28,你是不是有很多事都想去做，但是瞻前顾后，一直没做？ 今天我真诚地劝你一句，算了，放弃吧，你做不到的。,102,24.87,21.0
405,02_2职场成长,2018_04_24 习惯是从小养成的，穷也是 conv.txt,2018_04_24 习惯是从小养成的，穷也是,date_header_with_inline_body,习惯是从小养成的，穷也是 原创：咪蒙 咪蒙 2018-04-24,据说，我们25岁的时候挣多少钱，5岁的时候就决定了。 那我们一起去把5岁的自己打一顿吧。 ta一定做错了什么，才导致我们现在这么穷！ 真的，从小就养成的思维方式，影响了我们的收入、花呗以及白条……,74,20.68,18.0
406,02_2职场成长,2018_05_08 气，今天标题不取了，长得帅就有理了？？ conv.txt,2018_05_08 气，今天标题不取了，长得帅就有理了？？,date_header_with_inline_body,气，今天标题不取了，长得帅就有理了？？ 原创：咪蒙 咪蒙 2018-05-08,最近发生了一件很感人的事。 一些失散多年的朋友，纷纷跟我恢复了联系。 她们说，好久没见我了，很想我，想来我们公司看看。,66,17.2,15.5
407,02_2职场成长,2018_05_09 我今年25岁，在北京有过7套房 conv.txt,2018_05_09 我今年25岁，在北京有过7套房,date_header_with_inline_body,我今年25岁，在北京有过7套房 原创：咪蒙 咪蒙 2018-05-09,昨天，我25岁的同事淡淡地说： “在北京，我即将拥有自己的第7套房子了。” 什么？？？？ 就在我们要跪下叫爸爸的时候，他说： “租的！！”,102,20.02,20.0
408,02_2职场成长,2018_05_14 愣着干吗？玩啊！！！ conv.txt,2018_05_14 愣着干吗？玩啊！！！,date_header_with_inline_body,愣着干吗？玩啊！！！ 原创：咪蒙 咪蒙 2018-05-14,同事遇到了男神。 同事错过了男神。,104,23.83,18.0
409,02_2职场成长,2018_05_21 _你愿意和我一起吃苦吗？__不愿意！_ conv.txt,2018_05_21 _你愿意和我一起吃苦吗？__不愿意！_,date_header_with_inline_body,“你愿意和我一起吃苦吗？”“不愿意！” 原创：咪蒙 咪蒙 2018-05-21,好久没说大逆不道的话了。 我觉得这样不行啊！,81,26.8,21.0
410,02_2职场成长,2018_06_07 我不仅脸皮厚，我还不知道天高地厚 conv.txt,2018_06_07 我不仅脸皮厚，我还不知道天高地厚,date_header_with_inline_body,我不仅脸皮厚，我还不知道天高地厚 原创：咪蒙 咪蒙 2018-06-07,3年前，我刚创业，在北京一个破宾馆的一楼，见了一个前同事。 我们都很穷。,87,21.85,18.0
411,02_2职场成长,2018_06_11 _我该嫁给穷人吗？__你该去挣钱！_ conv.txt,2018_06_11 _我该嫁给穷人吗？__你该去挣钱！_,date_header_with_inline_body,“我该嫁给穷人吗？”“你该去挣钱！” 原创：咪蒙 咪蒙 2018-06-11,人生总有一些底线是要坚持的。 比如，每周至少要怼一个人。 今天周一，要不就把这周的怼人指标完成了吧。,76,20.63,19.5
412,02_2职场成长,2018_06_16 存了那么多钱，你活得很累吧 conv.txt,2018_06_16 存了那么多钱，你活得很累吧,date_header_with_inline_body,存了那么多钱，你活得很累吧 原创：咪蒙 咪蒙 2018-06-16,当老板的一大乐趣就是偷听员工讲话。 A同事说，好想买个粉底液，要500多，实在舍不得。要不等到生日再给自己买吧…… B同事说，不用等到生日吧。你至于嘛。昨天你姐姐一家人过来，你请她们吃饭，不都花了800多…… A同事：可那是我姐啊，为她花钱很正常吧……给自己花钱，总是下不了手……,105,23.4,21.0
413,02_2职场成长,2018_06_20 恕我直言，不挣钱就是犯罪！ conv.txt,2018_06_20 恕我直言，不挣钱就是犯罪！,date_header_with_inline_body,恕我直言，不挣钱就是犯罪！ 原创：咪蒙 咪蒙 2018-06-20,请问，淘宝上真的能买枪吗？,77,24.78,21.0
414,02_2职场成长,2018_06_21 我是个坏老板，只会用钱收买人心！ conv.txt,2018_06_21 我是个坏老板，只会用钱收买人心！,date_header_with_inline_body,我是个坏老板，只会用钱收买人心！ 原创：咪蒙 咪蒙 2018-06-21,最近我干了一件特别糗的事。,105,22.83,19.0
415,02_2职场成长,2018_06_29 毕业那天，我老板对我做了这种事...... conv.txt,2018_06_29 毕业那天，我老板对我做了这种事......,date_header_with_inline_body,毕业那天，我老板对我做了这种事...... 咪蒙 咪蒙 2018-06-29,版式：Mas 上上,1,9.0,9.0
416,02_2职场成长,2018_07_04 _小哥哥网恋吗？_ _滚！_ conv.txt,2018_07_04 _小哥哥网恋吗？_ _滚！_,date_header_with_inline_body,“小哥哥网恋吗？”“滚！” 原创：咪蒙 咪蒙 2018-07-04,这是我同事见完网友后，发到群里的警告。 群里开始热火朝天地讨论了起来： 同事a：是你在微信漂流瓶认识的那个网友吗？ 同事b：怎么了，说自己是吴亦凡结果像宋小宝？ 同事c：身高180结果是体重180？ 见网友的同事：哎，一言难尽。,15,19.6,18.0
417,02_2职场成长,2018_07_11 那个新入职的实习生，在市区买了一套房！ conv.txt,2018_07_11 那个新入职的实习生，在市区买了一套房！,date_header_with_inline_body,那个新入职的实习生，在市区买了一套房！ 原创：咪蒙 咪蒙 2018-07-11,我们都爱过这样一个男人。 他眼睛会笑，弯成一条桥。 他沉稳自信，能让人安心。 他满足了我们对一切美好的幻想。,23,19.04,14.0
418,02_2职场成长,2018_07_25 太刺激了！我当面骂了老板！ conv.txt,2018_07_25 太刺激了！我当面骂了老板！,date_header_with_inline_body,太刺激了！我当面骂了老板！ 原创：咪蒙 咪蒙 2018-07-25,颜面尽失。 我偷同事的零食，又被抓了个正着。,105,21.42,18.0
419,02_2职场成长,2018_08_07 呵，我赚钱，就是为了恶心你！ conv.txt,2018_08_07 呵，我赚钱，就是为了恶心你！,date_header_with_inline_body,呵，我赚钱，就是为了恶心你！ 咪蒙 咪蒙 2018-08-07,本文编辑：意晴版式：上上,1,12.0,12.0
420,02_2职场成长,2018_08_15 糟了，那个魏璎珞来祸害职场了！ conv.txt,2018_08_15 糟了，那个魏璎珞来祸害职场了！,date_header_with_inline_body,糟了，那个魏璎珞来祸害职场了！ 原创：咪蒙 咪蒙 2018-08-15,有一种人，真的巨讨厌。 怎么吃都长不胖的人。,104,24.04,21.0
421,02_2职场成长,2018_08_29 月薪8000，在北京只够租半张床！ conv.txt,2018_08_29 月薪8000，在北京只够租半张床！,date_header_with_inline_body,月薪8000，在北京只够租半张床！ 原创：咪蒙 咪蒙 2018-08-29,前两天看了网上一个吐槽——一句话证明你有多穷。 有人说，“放屁放到一半，都要憋回肚子里，怕饿。” 还有人说，“乞丐向我抖碗的时候，都感觉他在炫富。” 有一个人更狠，“打了自己两个耳光，腮红钱又省出来了。” 真是穷得好有新意啊！ 本来不那么穷的人，最近都特么穷惨了！,87,25.44,22.0
422,02_2职场成长,2018_09_10 职场潜规则：女人，你的衣服比脸重要！ conv.txt,2018_09_10 职场潜规则：女人，你的衣服比脸重要！,date_header_with_inline_body,职场潜规则：女人，你的衣服比脸重要！ 原创：咪蒙 咪蒙 2018-09-10,面试的时候，可以以貌取人吗？ Yes，Ican！,113,21.96,20.0
423,02_2职场成长,2018_09_12 因为这个，老板跪下来求我别辞职…… conv.txt,2018_09_12 因为这个，老板跪下来求我别辞职……,date_header_with_inline_body,因为这个，老板跪下来求我别辞职…… 原创：咪蒙 咪蒙 2018-09-12,前段时间，有条微博很火：“不要骂年轻人，他们会马上辞职。” （气，我每天被员工骂，我也想马上辞职啊！）年轻人看了很得意，纷纷转到朋友圈，想吓唬自己的老板。 太天真了。,96,26.2,23.5
424,02_2职场成长,2018_09_18 那个职场霸凌我的主管，被我炒了！ conv.txt,2018_09_18 那个职场霸凌我的主管，被我炒了！,date_header_with_inline_body,那个职场霸凌我的主管，被我炒了！ 原创：咪蒙 咪蒙 2018-09-18,朋友堂堂一大直男，这辈子没受过什么像样的委屈。 前几天，被教育机构的员工羞辱了。 那天，他收到了英语培训课程的试听课。 屁颠屁颠拖着儿子，踩着拖鞋，穿着个大裤衩子就去了。 板凳还没坐热。,27,17.33,17.0
425,02_2职场成长,2018_09_29 假期你老板发通知，我老板发iPhone XS Max！ conv.txt,2018_09_29 假期你老板发通知，我老板发iPhone XS Max！,date_header_with_inline_body,假期你老板发通知，我老板发iPhoneXSMax！ 原创：咪蒙 咪蒙 2018-09-29,这两天，就是国庆假期啦。 大家是不是无心工作了？ 那跟大家说件事，让你们更无心工作～～ 哈哈哈哈哈。,24,20.79,21.0
426,02_2职场成长,2018_10_17 我每天加班到死，存款还是0！！！ conv.txt,2018_10_17 我每天加班到死，存款还是0！！！,date_header_with_inline_body,我每天加班到死，存款还是0！！！ 原创：咪蒙 咪蒙 2018-10-17,发现没？ 当我们没工作的时候，银行卡余额为0。 当我们有工作的时候，银行卡的余额还是0。 钱都去哪了？？？ 钱：你整天吃喝玩乐买买买，还有脸问钱去哪了？ 是啊，现在的我们花钱更大手大脚了。,93,22.02,19.0
427,02_2职场成长,2018_10_18 我们公司文化：扣钱！扣钱！扣钱！ conv.txt,2018_10_18 我们公司文化：扣钱！扣钱！扣钱！,date_header_with_inline_body,我们公司文化：扣钱！扣钱！扣钱！ 原创：咪蒙 咪蒙 2018-10-18,又到校招季了。 前几天，我的粉丝群里，有大四的毕业生说，找工作的时候有好多担心...... 担心公司附近租不到合适的房子，担心部门没有好看的小哥哥小姐姐， 担心这个月的工资还不了上个月的花呗...... 其中，提到最多的是：好害怕选错，去了一个奇葩公司啊啊啊啊啊！ 是啊。 毕业生最怕的可不就是，前脚刚踏出学校，后脚就踩进坑里吗？ 有粉丝说，这种状况的灾难级别，堪比一初恋就爱上渣男...... 我本来还觉得，他们说得也太夸张了吧！,93,26.76,19.0
428,02_2职场成长,2018_10_22 我说件扎心的事，你可别哭啊…… conv.txt,2018_10_22 我说件扎心的事，你可别哭啊……,date_header_with_inline_body,我说件扎心的事，你可别哭啊…… 原创：咪蒙 咪蒙 2018-10-22,昨天在朋友圈，看到粉丝发了这张照片。,125,21.84,17.0
429,02_2职场成长,2018_10_26 要不是年终奖，我现在分分钟辞职！！ conv.txt,2018_10_26 要不是年终奖，我现在分分钟辞职！！,date_header_with_inline_body,要不是年终奖，我现在分分钟辞职！！ 原创：段振宇 咪蒙 2018-10-26,职场真的太复杂了。 能把手里的活搞明白，已经够费力了。,56,22.46,19.5
430,02_2职场成长,2018_11_02 千万别来这9家奇葩公司面试啊！！！ conv.txt,2018_11_02 千万别来这9家奇葩公司面试啊！！！,date_header_with_inline_body,千万别来这9家奇葩公司面试啊！！！ 原创：咪蒙 咪蒙 2018-11-02,近期，很多求职者，一定希望收到一封面试通知吧：,76,25.42,24.5
431,02_2职场成长,2018_11_06 别人让你忍，而我想让你爽爽爽！ conv.txt,2018_11_06 别人让你忍，而我想让你爽爽爽！,date_header_with_inline_body,别人让你忍，而我想让你爽爽爽！ 原创：咪蒙 咪蒙 2018-11-06,这几天逛淘宝，我有一个悲伤的发现——冬天也太费钱了吧！ 夏天，100出头就能买到很好看的裙子了。 冬天，100出头买的衣服根本不能看！ 逛商场，我看到连快时尚的店里，都没有低于1000块钱的外套了。 ？？？,152,20.21,18.0
432,02_2职场成长,2018_11_08 那个疯婆子，居然是我的美少女同事！ conv.txt,2018_11_08 那个疯婆子，居然是我的美少女同事！,date_header_with_inline_body,那个疯婆子，居然是我的美少女同事！ 原创：咪蒙 咪蒙 2018-11-08,一起来看两张图：,149,20.12,17.0
433,02_2职场成长,2018_11_09 她被甩后，凭什么被一堆男人追？！ conv.txt,2018_11_09 她被甩后，凭什么被一堆男人追？！,date_header_with_inline_body,她被甩后，凭什么被一堆男人追？！ 原创：咪蒙 咪蒙 2018-11-09,现在的年轻人，动不动就觉得自己老了。 就连我们公司的很多90后同事也是。 我上次随便问了一句，他们有超多话要说：,131,19.49,16.0
434,02_2职场成长,2018_11_15 周迅都怕的一个字，毁掉了多少上班族_ conv.txt,2018_11_15 周迅都怕的一个字，毁掉了多少上班族_,date_header_with_inline_body,周迅都怕的一个字，毁掉了多少上班族? 原创：咪蒙 咪蒙 2018-11-15,《如懿传》热播的时候，有人吐槽，周迅老了。 说她太老了、脸垮了、嗓子难听…… 甚至直接说，就这脸，不要再演这么少女的角色了！ 很无语，很生气。 但我们也心想，潇洒如周迅，应该会骂一句： “我老了，那又怎样！”,132,18.41,18.0
435,02_2职场成长,2018_11_16 8岁富二代、18岁打工仔、28岁影帝，他？是？谁？ conv.txt,2018_11_16 8岁富二代、18岁打工仔、28岁影帝，他？是？谁？,date_header_with_inline_body,8岁富二代、18岁打工仔、28岁影帝，他？是？谁？ 原创：色色 咪蒙 2018-11-16,提问：想睡一个男人需要几个理由。 剑桥高智商学霸？ 全球最会穿衣男人？ 奥斯卡第一位80后影帝？ 家族曾经承包大英帝国所有的矿？,112,21.81,20.0
436,02_2职场成长,2018_11_22 _我用59块，续了自己一条命！！！_ conv.txt,2018_11_22 _我用59块，续了自己一条命！！！_,date_header_with_inline_body,“我用59块，续了自己一条命！！！” 原创：咪蒙 咪蒙 2018-11-22,微博上有人问，工作5年，你最大的收获是什么。 点赞很高的一个回答是，疾病。 简直万箭戳心啊。,138,22.98,19.0
437,02_2职场成长,2018_11_23 我去！谁不是一边崩溃，一边自愈啊！ conv.txt,2018_11_23 我去！谁不是一边崩溃，一边自愈啊！,date_header_with_inline_body,我去！谁不是一边崩溃，一边自愈啊！ 原创：咪蒙 咪蒙 2018-11-23,年底了，howareyou？ 唉。 年底的崩溃总是格外多。,128,18.22,16.0
438,02_2职场成长,2018_11_25 我亲眼看见男人和女人在海边玩火 conv.txt,2018_11_25 我亲眼看见男人和女人在海边玩火,date_header_with_inline_body,我亲眼看见男人和女人在海边玩火 原创：咪蒙 咪蒙 2018-11-25,说件特别白眼狼的事儿。 上周我带着员工去团建了，去了阿那亚！ 北戴河新区一个超级棒的度假社区！！,113,19.23,17.0
439,02_2职场成长,2018_12_10 躺在被窝里，如何月入过万？ conv.txt,2018_12_10 躺在被窝里，如何月入过万？,date_header_with_inline_body,躺在被窝里，如何月入过万？ 原创：咪蒙 咪蒙 2018-12-10,你体会过日进斗金的感觉吗，反正我没有，我只体会过日进斗斤的感觉。 现在有一个一分钟可能就能赚100元的机会，来吗？ 而且是窝在被窝、走在街上、坐在火锅店就可以实现的，来吗？ 这不是传销这不是传销（虽然打完上面的话我也觉得很像）。 这是一份，你不用投入太多时间，不用忍受戏精同事，不用看老板脸色，每个月还能有不菲收入的工作。 所以，这到底是什么神仙工作啊！？,77,30.78,26.0
440,02_2职场成长,2019_01_10 只需200块，让你看起来年薪200万 conv.txt,2019_01_10 只需200块，让你看起来年薪200万,date_header_with_inline_body,只需200块，让你看起来年薪200万 原创：咪蒙 咪蒙 1月10日,支付宝年度账单告诉我，今年，我在衣服上一共花了8万！ 8万啊朋友们！,119,18.1,15.0
441,02_2职场成长,2019_01_26 年会不抽现金，和加班有什么区别？ conv.txt,2019_01_26 年会不抽现金，和加班有什么区别？,date_header_with_inline_body,年会不抽现金，和加班有什么区别？ 原创：咪蒙 咪蒙 1周前,今天要跟大家讲讲我们公司的年会。 提到年会，大家都觉得巨特么烦吧。 被逼着穿一身傻x衣服，给台下的另一帮傻x表演节目…… 美其名曰抽奖，奖品都是挂历、辣条、猪肉，滚犊子吧…… 最憋屈的是，这一切都只能背后吐槽，现场还得假装很投入……,43,27.49,19.0
443,03_3人际沟通,2015_09_23 你为什么是外貌协会的？ conv.txt,2015_09_23 你为什么是外貌协会的？,date_header_standalone_line,你为什么是外貌协会的？ 咪蒙 2015-09-23,,62,33.52,26.5
444,03_3人际沟通,2015_09_29 十一长假，躺床上看什么片子好呢 conv.txt,2015_09_29 十一长假，躺床上看什么片子好呢,date_header_with_inline_body,十一长假，躺床上看什么片子好呢 咪蒙 2015-09-29,《如晴天，似雨天》这特么才是值得搞的正太啊灰姑娘的故事已经不能满足我们了。 要么就是灰姑娘和抖S总裁，如同《50度灰》； 要么就是灰姑娘和12岁小鲜肉的不伦恋，如同这部片。,92,36.09,28.0
445,03_3人际沟通,2015_11_06 现在女人最流行的耍帅方式是…… conv.txt,2015_11_06 现在女人最流行的耍帅方式是……,date_header_standalone_line,现在女人最流行的耍帅方式是…… 咪蒙 2015-11-06,,105,20.94,17.0
446,03_3人际沟通,2015_11_17 当你讨厌一件事，你要问自己一个问题...... conv.txt,2015_11_17 当你讨厌一件事，你要问自己一个问题......,date_header_standalone_line,当你讨厌一件事，你要问自己一个问题...... 原创：咪蒙 咪蒙 2015-11-17,,96,22.66,20.0
447,03_3人际沟通,2015_11_21 我承认，我就是个没尊严的吃货 conv.txt,2015_11_21 我承认，我就是个没尊严的吃货,date_header_standalone_line,我承认，我就是个没尊严的吃货 咪蒙 2015-11-21,,106,30.21,22.0
448,03_3人际沟通,2015_11_22 所谓情商高，就是懂得好好说话 conv.txt,2015_11_22 所谓情商高，就是懂得好好说话,date_header_standalone_line,所谓情商高，就是懂得好好说话 咪蒙 2015-11-22,,166,30.33,23.0
449,03_3人际沟通,2015_11_26 如何写出阅读量100万+的微信爆款文章？ conv.txt,2015_11_26 如何写出阅读量100万+的微信爆款文章？,date_header_standalone_line,如何写出阅读量100万+的微信爆款文章？ 咪蒙 2015-11-26,,143,30.51,23.0
450,03_3人际沟通,2015_12_02 别扯了，这世上根本就没有怀才不遇 conv.txt,2015_12_02 别扯了，这世上根本就没有怀才不遇,date_header_standalone_line,别扯了，这世上根本就没有怀才不遇 原创：咪蒙 咪蒙 2015-12-02,,116,23.28,21.0
451,03_3人际沟通,2015_12_07 当我们PS照片的时候，我们在想些什么 conv.txt,2015_12_07 当我们PS照片的时候，我们在想些什么,date_header_standalone_line,当我们PS照片的时候，我们在想些什么 咪蒙 2015-12-07,,123,21.63,18.0
452,03_3人际沟通,2015_12_18 我不要你风光，我只要你健康 conv.txt,2015_12_18 我不要你风光，我只要你健康,date_header_standalone_line,我不要你风光，我只要你健康 咪蒙 2015-12-18,,96,27.11,18.0
453,03_3人际沟通,2015_12_26 有一种礼物，叫男朋友送的礼物 conv.txt,2015_12_26 有一种礼物，叫男朋友送的礼物,date_header_standalone_line,有一种礼物，叫男朋友送的礼物 咪蒙 2015-12-26,,130,17.12,15.0
454,03_3人际沟通,2016_01_01 我们为什么需要新年？ conv.txt,2016_01_01 我们为什么需要新年？,date_header_standalone_line,我们为什么需要新年？ 原创：咪蒙 咪蒙 2016-01-01,,83,12.45,11.0
455,03_3人际沟通,2016_01_04 和好朋友渐行渐远，是什么感觉？ conv.txt,2016_01_04 和好朋友渐行渐远，是什么感觉？,date_header_standalone_line,和好朋友渐行渐远，是什么感觉？ 咪蒙 2016-01-04,,136,20.59,19.0
456,03_3人际沟通,2016_01_13 看个片儿都要找优越感，你咋不上天呢？ conv.txt,2016_01_13 看个片儿都要找优越感，你咋不上天呢？,date_header_standalone_line,看个片儿都要找优越感，你咋不上天呢？ 原创：咪蒙 咪蒙 2016-01-13,,80,24.88,22.0
457,03_3人际沟通,2016_01_30 过年要回老家了，我总该做点什么吧 conv.txt,2016_01_30 过年要回老家了，我总该做点什么吧,date_header_standalone_line,过年要回老家了，我总该做点什么吧 原创：咪蒙 咪蒙 2016-01-30,,98,17.04,15.0
458,03_3人际沟通,2016_02_12 过年回到四川，我的画风都变了 conv.txt,2016_02_12 过年回到四川，我的画风都变了,date_header_standalone_line,过年回到四川，我的画风都变了 原创：咪蒙 咪蒙 2016-02-12,,110,22.36,18.0
459,03_3人际沟通,2016_02_18 我们为什么离开家乡去大城市？ conv.txt,2016_02_18 我们为什么离开家乡去大城市？,date_header_standalone_line,我们为什么离开家乡去大城市？ 原创：咪蒙 咪蒙 2016-02-18,,112,23.96,20.0
460,03_3人际沟通,2016_03_01 我为什么支持男生打游戏？ conv.txt,2016_03_01 我为什么支持男生打游戏？,date_header_standalone_line,我为什么支持男生打游戏？ 原创：咪蒙 咪蒙 2016-03-01,,76,24.67,23.0
461,03_3人际沟通,2016_03_03 有句话忍很久了，老子就是喜欢处女座 conv.txt,2016_03_03 有句话忍很久了，老子就是喜欢处女座,date_header_standalone_line,有句话忍很久了，老子就是喜欢处女座 原创：咪蒙 咪蒙 2016-03-03,,112,24.27,20.0
462,03_3人际沟通,2016_03_09 90后使用说明书 conv.txt,2016_03_09 90后使用说明书,date_header_standalone_line,90后使用说明书 原创：咪蒙 咪蒙 2016-03-09,,160,27.03,22.0
463,03_3人际沟通,2016_03_10 你会对亲近的人说谢谢吗 conv.txt,2016_03_10 你会对亲近的人说谢谢吗,date_header_standalone_line,你会对亲近的人说谢谢吗 原创：咪蒙 咪蒙 2016-03-10,,123,23.96,20.0
464,03_3人际沟通,2016_03_17 交朋友一定要门当户对吗？是的！ conv.txt,2016_03_17 交朋友一定要门当户对吗？是的！,date_header_standalone_line,交朋友一定要门当户对吗？是的！ 原创：咪蒙 咪蒙 2016-03-17,,114,23.04,21.0
465,03_3人际沟通,2016_04_27 我借钱给你，我特么有错吗？ conv.txt,2016_04_27 我借钱给你，我特么有错吗？,date_header_standalone_line,我借钱给你，我特么有错吗？ 原创：咪蒙 咪蒙 2016-04-27,,90,23.79,19.0
466,03_3人际沟通,2016_05_10 你以为毕业了就不用学习了吗？屁咧 conv.txt,2016_05_10 你以为毕业了就不用学习了吗？屁咧,date_header_standalone_line,你以为毕业了就不用学习了吗？屁咧 原创：咪蒙 咪蒙 2016-05-10,,110,28.75,24.5
467,03_3人际沟通,2016_05_11 所谓情商高，就是要有分寸感 conv.txt,2016_05_11 所谓情商高，就是要有分寸感,date_header_standalone_line,所谓情商高，就是要有分寸感 原创：咪蒙 咪蒙 2016-05-11,,130,33.74,26.5
468,03_3人际沟通,2016_05_18 不懂得拒绝别人，是一种病 conv.txt,2016_05_18 不懂得拒绝别人，是一种病,date_header_standalone_line,不懂得拒绝别人，是一种病 原创：咪蒙 咪蒙 2016-05-18,,94,30.19,24.5
469,03_3人际沟通,2016_05_20 人不拖延，和咸鱼有什么分别？ conv.txt,2016_05_20 人不拖延，和咸鱼有什么分别？,date_header_standalone_line,人不拖延，和咸鱼有什么分别？ 原创：扯淡少女茜半仙 咪蒙 2016-05-20,,46,28.74,17.5
470,03_3人际沟通,2016_05_20 喜欢一个城市，就是因为它好吃 conv.txt,2016_05_20 喜欢一个城市，就是因为它好吃,date_header_standalone_line,喜欢一个城市，就是因为它好吃 原创：咪蒙 咪蒙 2016-05-20,,80,33.36,26.5
471,03_3人际沟通,2016_05_24 你绝对没想到，_丑小鸭逆袭_，照片有多劲爆！ conv.txt,2016_05_24 你绝对没想到，_丑小鸭逆袭_，照片有多劲爆！,date_header_standalone_line,你绝对没想到，“丑小鸭逆袭”，照片有多劲爆！ 原创：咪蒙 咪蒙 2016-05-24,,230,29.14,24.0
472,03_3人际沟通,2016_05_24 好吃到让同事们撕逼的30种零食 conv.txt,2016_05_24 好吃到让同事们撕逼的30种零食,date_header_with_inline_body,好吃到让同事们撕逼的30种零食 原创：咪蒙 咪蒙 2016-05-24,你听说过的世上最伟大的牺牲是什么？ 答案就是，我为了给你们推荐全宇宙最好吃的零食，首先斥几千块巨资，真金白银啊，买了浩瀚的零食。 其次，对，这才是重点，我以神农遍尝百草的精神，一天试了上百种零食，吸收了一亿卡路里。 你没看错，就是一亿。,134,28.7,26.0
473,03_3人际沟通,2016_05_26 所谓恩爱，就是能好好吵架 conv.txt,2016_05_26 所谓恩爱，就是能好好吵架,date_header_standalone_line,所谓恩爱，就是能好好吵架 原创：咪蒙 咪蒙 2016-05-26,,56,26.54,24.0
474,03_3人际沟通,2016_05_27 世间所有的吵架，都是因为男人不会说话 conv.txt,2016_05_27 世间所有的吵架，都是因为男人不会说话,date_header_standalone_line,世间所有的吵架，都是因为男人不会说话 原创：咪蒙 咪蒙 2016-05-27,,116,29.77,25.0
475,03_3人际沟通,2016_06_07 今天天气真好，特别适合炫耀 conv.txt,2016_06_07 今天天气真好，特别适合炫耀,date_header_standalone_line,今天天气真好，特别适合炫耀 原创：咪蒙 咪蒙 2016-06-07,,74,35.86,28.5
476,03_3人际沟通,2016_06_08 我的男朋友，有两个女朋友 conv.txt,2016_06_08 我的男朋友，有两个女朋友,date_header_standalone_line,我的男朋友，有两个女朋友 原创：咪蒙 咪蒙 2016-06-08,,149,23.15,17.0
477,03_3人际沟通,2016_06_14 我们还是变成了小时候讨厌的那种大人 conv.txt,2016_06_14 我们还是变成了小时候讨厌的那种大人,date_header_standalone_line,我们还是变成了小时候讨厌的那种大人 原创：咪蒙 咪蒙 2016-06-14,,36,42.39,36.5
478,03_3人际沟通,2016_06_20 你做过的每件破事，其实都不会浪费 conv.txt,2016_06_20 你做过的每件破事，其实都不会浪费,date_header_standalone_line,你做过的每件破事，其实都不会浪费 原创：咪蒙 咪蒙 2016-06-20,,77,33.6,26.0
479,03_3人际沟通,2016_06_23 有些男人，一撩妹我们就想报警 conv.txt,2016_06_23 有些男人，一撩妹我们就想报警,date_header_standalone_line,有些男人，一撩妹我们就想报警 原创：咪蒙 咪蒙 2016-06-23,,73,24.44,24.0
480,03_3人际沟通,2016_06_28 求你了，拉黑我吧 conv.txt,2016_06_28 求你了，拉黑我吧,date_header_standalone_line,求你了，拉黑我吧 原创：咪蒙 咪蒙 2016-06-28,,84,24.49,21.0
481,03_3人际沟通,2016_06_30 在什么年纪就做什么事？我偏不！ conv.txt,2016_06_30 在什么年纪就做什么事？我偏不！,date_header_standalone_line,在什么年纪就做什么事？我偏不！ 原创：咪蒙 咪蒙 2016-06-30,,67,28.0,21.0
482,03_3人际沟通,2016_07_01 女生都这么帅了，还要男生干嘛？！ conv.txt,2016_07_01 女生都这么帅了，还要男生干嘛？！,date_header_standalone_line,女生都这么帅了，还要男生干嘛？！ 原创：咪蒙 咪蒙 2016-07-01,,55,34.98,25.0
483,03_3人际沟通,2016_07_08 今天给你们讲一个恐怖故事：买家秀 conv.txt,2016_07_08 今天给你们讲一个恐怖故事：买家秀,date_header_standalone_line,今天给你们讲一个恐怖故事：买家秀 原创：咪蒙 咪蒙 2016-07-08,,63,27.97,23.0
484,03_3人际沟通,2016_07_11 为什么20多岁的人都觉得自己老了？ conv.txt,2016_07_11 为什么20多岁的人都觉得自己老了？,date_header_standalone_line,为什么20多岁的人都觉得自己老了？ 原创：咪蒙 咪蒙 2016-07-11,,81,28.95,25.0
485,03_3人际沟通,2016_07_12 每个酷炫的女生都有个过不去的坎儿 conv.txt,2016_07_12 每个酷炫的女生都有个过不去的坎儿,date_header_standalone_line,每个酷炫的女生都有个过不去的坎儿 原创：咪蒙 咪蒙 2016-07-12,,62,34.23,29.0
486,03_3人际沟通,2016_07_13 识！食！物！者！为！俊！杰！ conv.txt,2016_07_13 识！食！物！者！为！俊！杰！,date_header_standalone_line,识！食！物！者！为！俊！杰！ 原创：咪蒙 咪蒙 2016-07-13,,111,24.41,21.0
487,03_3人际沟通,2016_07_15 有一种不洗头之交，叫发小 conv.txt,2016_07_15 有一种不洗头之交，叫发小,date_header_standalone_line,有一种不洗头之交，叫发小 原创：咪蒙 咪蒙 2016-07-15,,94,23.18,18.0
488,03_3人际沟通,2016_07_18 在贪心的世界里，我只要刚刚好 conv.txt,2016_07_18 在贪心的世界里，我只要刚刚好,date_header_standalone_line,在贪心的世界里，我只要刚刚好 原创：咪蒙 咪蒙 2016-07-18,,81,21.69,17.0
489,03_3人际沟通,2016_07_21 因为喜欢你，远一点也没关系 conv.txt,2016_07_21 因为喜欢你，远一点也没关系,date_header_standalone_line,因为喜欢你，远一点也没关系 原创：黄小污 咪蒙 2016-07-21,,88,21.95,19.0
490,03_3人际沟通,2016_07_21 情！绪！是！会！影！响！智！商！的！ conv.txt,2016_07_21 情！绪！是！会！影！响！智！商！的！,date_header_standalone_line,情！绪！是！会！影！响！智！商！的！ 原创：咪蒙 咪蒙 2016-07-21,,147,23.86,19.0
491,03_3人际沟通,2016_07_27 你为什么跟人没话聊_因为你见识少！ conv.txt,2016_07_27 你为什么跟人没话聊_因为你见识少！,date_header_standalone_line,你为什么跟人没话聊?因为你见识少！ 原创：咪蒙 咪蒙 2016-07-27,,93,30.74,23.0
492,03_3人际沟通,2016_07_28 _你变了__是啊，那又怎样_ conv.txt,2016_07_28 _你变了__是啊，那又怎样_,date_header_standalone_line,“你变了”“是啊，那又怎样” 咪蒙 咪蒙 2016-07-28,,120,21.29,16.5
493,03_3人际沟通,2016_07_29 男朋友把天聊死是什么体验？ conv.txt,2016_07_29 男朋友把天聊死是什么体验？,date_header_standalone_line,男朋友把天聊死是什么体验？ 原创：咪蒙 咪蒙 2016-07-29,,50,28.1,26.0
494,03_3人际沟通,2016_07_30 你那么怀念过去，现在一定过得很失败吧 conv.txt,2016_07_30 你那么怀念过去，现在一定过得很失败吧,date_header_standalone_line,你那么怀念过去，现在一定过得很失败吧 原创：咪蒙 咪蒙 2016-07-30,,98,25.24,20.0
495,03_3人际沟通,2016_08_02 不会聊天怎么办？先做好这10件小事 conv.txt,2016_08_02 不会聊天怎么办？先做好这10件小事,date_header_standalone_line,不会聊天怎么办？先做好这10件小事 原创：咪蒙 咪蒙 2016-08-02,,104,30.98,24.0
496,03_3人际沟通,2016_08_02 喜欢是步步为营，爱是手足无措 conv.txt,2016_08_02 喜欢是步步为营，爱是手足无措,date_header_standalone_line,喜欢是步步为营，爱是手足无措 原创：咪蒙 咪蒙 2016-08-02,,107,23.52,21.0
497,03_3人际沟通,2016_08_05 90%的女人都无法拒绝一种男人 conv.txt,2016_08_05 90%的女人都无法拒绝一种男人,date_header_standalone_line,90%的女人都无法拒绝一种男人 原创：咪蒙 咪蒙 2016-08-05,,67,28.27,22.0
498,03_3人际沟通,2016_08_08 我很忙，但对你永远有空 conv.txt,2016_08_08 我很忙，但对你永远有空,date_header_standalone_line,我很忙，但对你永远有空 原创：咪蒙 咪蒙 2016-08-08,,119,23.21,20.0
499,03_3人际沟通,2016_08_09 孤独的你总有星辰作伴 conv.txt,2016_08_09 孤独的你总有星辰作伴,date_header_standalone_line,孤独的你总有星辰作伴 原创：咪蒙 咪蒙 2016-08-09,,92,23.67,21.0
500,03_3人际沟通,2016_08_10 这届奥运观众，很行！ conv.txt,2016_08_10 这届奥运观众，很行！,date_header_standalone_line,这届奥运观众，很行！ 原创：咪蒙 咪蒙 2016-08-10,,66,27.74,23.5
501,03_3人际沟通,2016_08_12 世界很坏，还好你在 conv.txt,2016_08_12 世界很坏，还好你在,date_header_standalone_line,世界很坏，还好你在 原创：咪蒙 咪蒙 2016-08-12,,118,22.76,20.0
502,03_3人际沟通,2016_08_17 想让人瞬间对你产生好感？做好这15个细节 conv.txt,2016_08_17 想让人瞬间对你产生好感？做好这15个细节,date_header_standalone_line,想让人瞬间对你产生好感？做好这15个细节 原创：咪蒙 咪蒙 2016-08-17,,66,30.39,27.5
503,03_3人际沟通,2016_08_22 说我坏话前，请先拉黑我 conv.txt,2016_08_22 说我坏话前，请先拉黑我,date_header_standalone_line,说我坏话前，请先拉黑我 原创：咪蒙 咪蒙 2016-08-22,,84,23.96,21.0
504,03_3人际沟通,2016_08_23 收到男朋友的礼物后，我想报警了 conv.txt,2016_08_23 收到男朋友的礼物后，我想报警了,date_header_standalone_line,收到男朋友的礼物后，我想报警了 原创：咪蒙 咪蒙 2016-08-23,,68,28.74,26.5
505,03_3人际沟通,2016_08_24 你以为你的梦想很贵吗？ conv.txt,2016_08_24 你以为你的梦想很贵吗？,date_header_standalone_line,你以为你的梦想很贵吗？ 原创：咪蒙 咪蒙 2016-08-24,,91,26.23,23.0
506,03_3人际沟通,2016_08_25 都闪开！这才是最牛逼的撩汉宝典！ conv.txt,2016_08_25 都闪开！这才是最牛逼的撩汉宝典！,date_header_standalone_line,都闪开！这才是最牛逼的撩汉宝典！ 原创：咪蒙 咪蒙 2016-08-25,,100,27.35,22.0
507,03_3人际沟通,2016_08_26 我们在一起，老天不同意 conv.txt,2016_08_26 我们在一起，老天不同意,date_header_standalone_line,我们在一起，老天不同意 原创：咪蒙+李野 咪蒙 2016-08-26,,116,20.97,17.5
508,03_3人际沟通,2016_08_29 对于某些有钱人，1亿元真的只是小目标 conv.txt,2016_08_29 对于某些有钱人，1亿元真的只是小目标,date_header_standalone_line,对于某些有钱人，1亿元真的只是小目标 原创：咪蒙 咪蒙 2016-08-29,,75,33.09,27.0
509,03_3人际沟通,2016_08_30 如果可以回到10年前，你想改变什么？ conv.txt,2016_08_30 如果可以回到10年前，你想改变什么？,date_header_standalone_line,如果可以回到10年前，你想改变什么？ 原创：咪蒙 咪蒙 2016-08-30,,67,36.19,29.0
510,03_3人际沟通,2016_08_31 告诉大家一个可怕的消息 conv.txt,2016_08_31 告诉大家一个可怕的消息,date_header_standalone_line,告诉大家一个可怕的消息 原创：咪蒙 咪蒙 2016-08-31,,64,37.0,27.5
511,03_3人际沟通,2016_09_01 占人便宜，手有余香？屁咧！ conv.txt,2016_09_01 占人便宜，手有余香？屁咧！,date_header_standalone_line,占人便宜，手有余香？屁咧！ 原创：咪蒙 咪蒙 2016-09-01,,95,28.54,25.0
512,03_3人际沟通,2016_09_02 带着你，全世界吹牛逼 conv.txt,2016_09_02 带着你，全世界吹牛逼,date_header_standalone_line,带着你，全世界吹牛逼 原创：咪蒙+吉跳 咪蒙 2016-09-02,,116,23.47,19.5
513,03_3人际沟通,2016_09_05 谈钱能伤到的感情，不是真感情 conv.txt,2016_09_05 谈钱能伤到的感情，不是真感情,date_header_standalone_line,谈钱能伤到的感情，不是真感情 原创：咪蒙 咪蒙 2016-09-05,,86,29.17,23.0
514,03_3人际沟通,2016_09_08 你嫌我挑剔？我嫌你凑合！ conv.txt,2016_09_08 你嫌我挑剔？我嫌你凑合！,date_header_standalone_line,你嫌我挑剔？我嫌你凑合！ 原创：咪蒙 咪蒙 2016-09-08,,78,32.14,25.5
515,03_3人际沟通,2016_09_12 闺蜜和我好居然是为了接近他！ conv.txt,2016_09_12 闺蜜和我好居然是为了接近他！,date_header_standalone_line,闺蜜和我好居然是为了接近他！ 原创：咪蒙 咪蒙 2016-09-12,,40,29.6,25.5
516,03_3人际沟通,2016_09_18 为什么我的朋友圈不屏蔽父母？ conv.txt,2016_09_18 为什么我的朋友圈不屏蔽父母？,date_header_standalone_line,为什么我的朋友圈不屏蔽父母？ 原创：王火火 咪蒙 2016-09-18,,82,21.22,18.0
517,03_3人际沟通,2016_09_18 咪蒙问咪蒙：被骂是什么体验？ conv.txt,2016_09_18 咪蒙问咪蒙：被骂是什么体验？,date_header_standalone_line,咪蒙问咪蒙：被骂是什么体验？ 原创：咪蒙 咪蒙 2016-09-18,,80,25.89,21.0
518,03_3人际沟通,2016_09_19 终其一生，我只想取悦一个人 conv.txt,2016_09_19 终其一生，我只想取悦一个人,date_header_standalone_line,终其一生，我只想取悦一个人 原创：咪蒙 咪蒙 2016-09-19,,101,26.76,22.0
519,03_3人际沟通,2016_09_22 放！下！你！的！手！机！ conv.txt,2016_09_22 放！下！你！的！手！机！,date_header_standalone_line,放！下！你！的！手！机！ 原创：咪蒙 咪蒙 2016-09-22,,78,30.44,26.5
520,03_3人际沟通,2016_09_29 钱能买到漂亮，那干嘛不买 conv.txt,2016_09_29 钱能买到漂亮，那干嘛不买,date_header_standalone_line,钱能买到漂亮，那干嘛不买 原创：咪蒙+刘小纯 咪蒙 2016-09-29,,99,30.3,29.0
521,03_3人际沟通,2016_09_30 我喜欢的人，会发光 conv.txt,2016_09_30 我喜欢的人，会发光,date_header_standalone_line,我喜欢的人，会发光 原创：咪蒙+杨科南 咪蒙 2016-09-30,,48,32.48,32.0
522,03_3人际沟通,2016_10_08 不想上班？看看你银行卡的余额吧 conv.txt,2016_10_08 不想上班？看看你银行卡的余额吧,date_header_standalone_line,不想上班？看看你银行卡的余额吧 原创：咪蒙 咪蒙 2016-10-08,,93,28.83,24.0
523,03_3人际沟通,2016_10_10 你不是一无所有，你还有病呀 conv.txt,2016_10_10 你不是一无所有，你还有病呀,date_header_standalone_line,你不是一无所有，你还有病呀 原创：咪蒙 咪蒙 2016-10-10,,85,25.48,21.0
524,03_3人际沟通,2016_10_11 这13句不该说的话，80%的女生都说过 conv.txt,2016_10_11 这13句不该说的话，80%的女生都说过,date_header_standalone_line,这13句不该说的话，80%的女生都说过 原创：咪蒙 咪蒙 2016-10-11,,139,18.46,15.0
525,03_3人际沟通,2016_10_13 你拿我开玩笑，我觉得不好笑 conv.txt,2016_10_13 你拿我开玩笑，我觉得不好笑,date_header_standalone_line,你拿我开玩笑，我觉得不好笑 原创：王火火 咪蒙 2016-10-13,,69,21.83,20.0
526,03_3人际沟通,2016_10_17 你和00后的差距，不只是年龄 conv.txt,2016_10_17 你和00后的差距，不只是年龄,date_header_standalone_line,你和00后的差距，不只是年龄 原创：咪蒙 咪蒙 2016-10-17,,77,37.83,33.0
527,03_3人际沟通,2016_10_18 我！就！是！想！花！钱！ conv.txt,2016_10_18 我！就！是！想！花！钱！,date_header_standalone_line,我！就！是！想！花！钱！ 原创：咪蒙 咪蒙 2016-10-18,,64,34.86,32.0
528,03_3人际沟通,2016_10_24 你的朋友圈有多少僵尸好友？ conv.txt,2016_10_24 你的朋友圈有多少僵尸好友？,date_header_standalone_line,你的朋友圈有多少僵尸好友？ 原创：王火火 咪蒙 2016-10-24,,70,23.93,22.0
529,03_3人际沟通,2016_10_25 乐观是个好东西，希望你也能有 conv.txt,2016_10_25 乐观是个好东西，希望你也能有,date_header_standalone_line,乐观是个好东西，希望你也能有 原创：咪蒙 咪蒙 2016-10-25,,73,30.67,25.0
530,03_3人际沟通,2016_10_26 丑过。 conv.txt,2016_10_26 丑过。,title_standalone_line,丑过。,,72,32.11,28.0
531,03_3人际沟通,2016_10_27 你可以不美，但一定要有质感 conv.txt,2016_10_27 你可以不美，但一定要有质感,date_header_standalone_line,你可以不美，但一定要有质感 原创：咪蒙 咪蒙 2016-10-27,,72,32.78,28.0
532,03_3人际沟通,2016_10_28 _我喜欢周杰伦__我喜欢你_ conv.txt,2016_10_28 _我喜欢周杰伦__我喜欢你_,date_header_standalone_line,“我喜欢周杰伦”“我喜欢你” 原创：咪蒙+张静思 咪蒙 2016-10-28,,142,27.48,23.0
533,03_3人际沟通,2016_10_31 我不忙，但不想为你浪费时间 conv.txt,2016_10_31 我不忙，但不想为你浪费时间,date_header_standalone_line,我不忙，但不想为你浪费时间 原创：咪蒙 咪蒙 2016-10-31,,102,32.28,23.5
534,03_3人际沟通,2016_11_03 双十一快到了，有人要买男朋友吗？ conv.txt,2016_11_03 双十一快到了，有人要买男朋友吗？,date_header_standalone_line,双十一快到了，有人要买男朋友吗？ 原创：咪蒙 咪蒙 2016-11-03,,75,24.16,19.0
535,03_3人际沟通,2016_11_04 我的男朋友，没有女朋友 conv.txt,2016_11_04 我的男朋友，没有女朋友,date_header_standalone_line,我的男朋友，没有女朋友 原创：咪蒙+张静思 咪蒙 2016-11-04,,119,22.15,19.0
536,03_3人际沟通,2016_11_08 有这样的班花班草，老子愿意重新上学 conv.txt,2016_11_08 有这样的班花班草，老子愿意重新上学,date_header_standalone_line,有这样的班花班草，老子愿意重新上学 原创：咪蒙 咪蒙 2016-11-08,,54,32.26,31.0
537,03_3人际沟通,2016_11_09 我这条朋友圈，只对你可见 conv.txt,2016_11_09 我这条朋友圈，只对你可见,date_header_standalone_line,我这条朋友圈，只对你可见 原创：王火火 咪蒙 2016-11-09,,67,25.06,22.0
538,03_3人际沟通,2016_11_11 如果终点是你，晚一点也没关系 conv.txt,2016_11_11 如果终点是你，晚一点也没关系,date_header_standalone_line,如果终点是你，晚一点也没关系 原创：咪蒙+吉跳 咪蒙 2016-11-11,,78,27.65,28.0
539,03_3人际沟通,2016_11_19 我的女朋友，活在1999年 conv.txt,2016_11_19 我的女朋友，活在1999年,date_header_standalone_line,我的女朋友，活在1999年 原创：咪蒙+杨科南 咪蒙 2016-11-19,,138,23.16,21.0
540,03_3人际沟通,2016_11_21 你嫉妒我的样子，真丑 conv.txt,2016_11_21 你嫉妒我的样子，真丑,date_header_standalone_line,你嫉妒我的样子，真丑 原创：咪蒙 咪蒙 2016-11-21,,80,32.92,26.0
541,03_3人际沟通,2016_11_22 道理我都懂，可我还是想要钱 conv.txt,2016_11_22 道理我都懂，可我还是想要钱,date_header_standalone_line,道理我都懂，可我还是想要钱 原创：咪蒙 咪蒙 2016-11-22,,93,21.09,18.0
542,03_3人际沟通,2016_11_24 别再等了，你错过的还不够多吗？ conv.txt,2016_11_24 别再等了，你错过的还不够多吗？,date_header_standalone_line,别再等了，你错过的还不够多吗？ 原创：咪蒙 咪蒙 2016-11-24,,118,23.08,19.0
543,03_3人际沟通,2016_11_25 我在朋友圈，悄悄爱过你 conv.txt,2016_11_25 我在朋友圈，悄悄爱过你,date_header_standalone_line,我在朋友圈，悄悄爱过你 原创：咪蒙+黄经天 咪蒙 2016-11-25,,100,26.76,22.5
544,03_3人际沟通,2016_11_28 不好意思，你的努力不值钱 conv.txt,2016_11_28 不好意思，你的努力不值钱,date_header_standalone_line,不好意思，你的努力不值钱 原创：咪蒙 咪蒙 2016-11-28,,93,25.02,23.0
545,03_3人际沟通,2016_11_29 剪完头发，我被自己丑哭了 conv.txt,2016_11_29 剪完头发，我被自己丑哭了,date_header_standalone_line,剪完头发，我被自己丑哭了 原创：咪蒙 咪蒙 2016-11-29,,60,28.47,26.0
546,03_3人际沟通,2016_12_02 别撤回了，我都看到了 conv.txt,2016_12_02 别撤回了，我都看到了,date_header_standalone_line,别撤回了，我都看到了 原创：咪蒙+邹丹丹 咪蒙 2016-12-02,,119,23.38,22.0
547,03_3人际沟通,2016_12_05 你这么爱出糗，好想和你做朋友 conv.txt,2016_12_05 你这么爱出糗，好想和你做朋友,date_header_standalone_line,你这么爱出糗，好想和你做朋友 原创：咪蒙 咪蒙 2016-12-05,,87,23.94,20.0
548,03_3人际沟通,2016_12_06 谢谢你亲自给我下毒，啊不，下厨 conv.txt,2016_12_06 谢谢你亲自给我下毒，啊不，下厨,date_header_standalone_line,谢谢你亲自给我下毒，啊不，下厨 原创：咪蒙 咪蒙 2016-12-06,,60,22.82,19.0
549,03_3人际沟通,2016_12_07 我特别擅长两件事：一拖，再拖 conv.txt,2016_12_07 我特别擅长两件事：一拖，再拖,date_header_standalone_line,我特别擅长两件事：一拖，再拖 原创：咪蒙 咪蒙 2016-12-07,,74,29.86,25.0
550,03_3人际沟通,2016_12_10 倒霉的女孩，运气都不会太差 conv.txt,2016_12_10 倒霉的女孩，运气都不会太差,date_header_standalone_line,倒霉的女孩，运气都不会太差 原创：吉跳+咪蒙 咪蒙 2016-12-10,,111,25.0,22.0
551,03_3人际沟通,2016_12_12 好巧。 conv.txt,2016_12_12 好巧。,title_standalone_line,好巧。,,73,23.62,22.0
552,03_3人际沟通,2016_12_20 我有圣诞礼物，你有女朋友吗？ conv.txt,2016_12_20 我有圣诞礼物，你有女朋友吗？,date_header_standalone_line,我有圣诞礼物，你有女朋友吗？ 原创：咪蒙 咪蒙 2016-12-20,,80,28.68,24.0
553,03_3人际沟通,2016_12_22 没想到，我成了男朋友的妈 conv.txt,2016_12_22 没想到，我成了男朋友的妈,date_header_standalone_line,没想到，我成了男朋友的妈 原创：咪蒙 咪蒙 2016-12-22,,105,24.54,23.0
554,03_3人际沟通,2016_12_27 _我怕死。因为我死了，我妈会疯_ conv.txt,2016_12_27 _我怕死。因为我死了，我妈会疯_,date_header_standalone_line,“我怕死。因为我死了，我妈会疯” 原创：咪蒙 咪蒙 2016-12-27,,139,21.64,16.0
555,03_3人际沟通,2016_12_29 爸妈虐狗，我选择离家出走 conv.txt,2016_12_29 爸妈虐狗，我选择离家出走,date_header_standalone_line,爸妈虐狗，我选择离家出走 原创：咪蒙 咪蒙 2016-12-29,,72,23.75,20.0
556,03_3人际沟通,2016_12_31 年底了，是时候拿出5万块钱数数了！ conv.txt,2016_12_31 年底了，是时候拿出5万块钱数数了！,date_header_standalone_line,年底了，是时候拿出5万块钱数数了！ 原创：咪蒙 咪蒙 2016-12-31,,110,22.98,21.0
557,03_3人际沟通,2017_01_16 没教养，比没文化更可怕 conv.txt,2017_01_16 没教养，比没文化更可怕,date_header_standalone_line,没教养，比没文化更可怕 原创：咪蒙 咪蒙 2017-01-16,,75,22.85,21.0
558,03_3人际沟通,2017_01_18 最好笑的点开全文，专治各种不开心！ conv.txt,2017_01_18 最好笑的点开全文，专治各种不开心！,date_header_standalone_line,最好笑的点开全文，专治各种不开心！ 咪蒙 2017-01-18,,49,35.04,26.0
559,03_3人际沟通,2017_01_23 只有一个人，可以解决婆媳矛盾 conv.txt,2017_01_23 只有一个人，可以解决婆媳矛盾,date_header_standalone_line,只有一个人，可以解决婆媳矛盾 原创：咪蒙 咪蒙 2017-01-23,,93,28.04,22.0
560,03_3人际沟通,2017_01_25 去，你的春运！ conv.txt,2017_01_25 去，你的春运！,date_header_standalone_line,去，你的春运！ 原创：咪蒙 咪蒙 2017-01-25,,90,21.54,19.0
561,03_3人际沟通,2017_01_30 别逼婚了，我觉得没人配得上我！ conv.txt,2017_01_30 别逼婚了，我觉得没人配得上我！,date_header_standalone_line,别逼婚了，我觉得没人配得上我！ 原创：咪蒙 咪蒙 2017-01-30,,73,26.55,23.0
562,03_3人际沟通,2017_02_03 感谢春运，我捡了个男朋友 conv.txt,2017_02_03 感谢春运，我捡了个男朋友,date_header_standalone_line,感谢春运，我捡了个男朋友 原创：张静思+咪蒙 咪蒙 2017-02-03,,132,24.95,20.0
563,03_3人际沟通,2017_03_01 我只想让人生，有一点点不平凡 conv.txt,2017_03_01 我只想让人生，有一点点不平凡,date_header_standalone_line,我只想让人生，有一点点不平凡 原创：咪蒙 咪蒙 2017-03-01,,91,29.4,26.0
564,03_3人际沟通,2017_03_09 幽默，是最高级的情商 conv.txt,2017_03_09 幽默，是最高级的情商,date_header_standalone_line,幽默，是最高级的情商 原创：咪蒙 咪蒙 2017-03-09,,102,24.9,24.0
565,03_3人际沟通,2017_03_16 咪蒙：说来惭愧，我的助理月薪才5万 conv.txt,2017_03_16 咪蒙：说来惭愧，我的助理月薪才5万,date_header_standalone_line,咪蒙：说来惭愧，我的助理月薪才5万 原创：咪蒙 咪蒙 2017-03-16,,107,26.79,23.0
566,03_3人际沟通,2017_03_17 喜欢你，失去你，活成你 conv.txt,2017_03_17 喜欢你，失去你，活成你,date_header_standalone_line,喜欢你，失去你，活成你 原创：李野 咪蒙 2017-03-17,,110,20.22,18.0
567,03_3人际沟通,2017_03_21 你随便批评，反正老子不听 conv.txt,2017_03_21 你随便批评，反正老子不听,date_header_standalone_line,你随便批评，反正老子不听 原创：咪蒙 咪蒙 2017-03-21,,83,26.69,23.0
569,03_3人际沟通,2017_04_01 今天4月1日，我却想说件严肃的事 conv.txt,2017_04_01 今天4月1日，我却想说件严肃的事,date_header_with_inline_body,今天4月1日,，我却想说件严肃的事 咪蒙 咪蒙 2017-04-01明 天 4 月 2 日。,1,38.0,38.0
570,03_3人际沟通,2017_04_01 张国荣，我并不是只有今天才想你 conv.txt,2017_04_01 张国荣，我并不是只有今天才想你,date_header_standalone_line,张国荣，我并不是只有今天才想你 原创：杨乐多 咪蒙 2017-04-01,,89,18.49,17.0
571,03_3人际沟通,2017_04_04 我还在长大，你却再也不会老了 conv.txt,2017_04_04 我还在长大，你却再也不会老了,date_header_standalone_line,我还在长大，你却再也不会老了 原创：咪蒙 咪蒙 2017-04-04,,92,23.55,21.5
572,03_3人际沟通,2017_04_06 老子买不起房，但买得起家 conv.txt,2017_04_06 老子买不起房，但买得起家,date_header_standalone_line,老子买不起房，但买得起家 原创：咪蒙 咪蒙 2017-04-06,,101,25.31,22.0
573,03_3人际沟通,2017_04_10 我很久很久很久没有交过新朋友了 conv.txt,2017_04_10 我很久很久很久没有交过新朋友了,date_header_standalone_line,我很久很久很久没有交过新朋友了 原创：咪蒙 咪蒙 2017-04-10,,65,29.05,26.0
574,03_3人际沟通,2017_04_11 世界那么大，你只在朋友圈看 conv.txt,2017_04_11 世界那么大，你只在朋友圈看,date_header_standalone_line,世界那么大，你只在朋友圈看 原创：咪蒙 咪蒙 2017-04-11,,82,25.4,22.0
575,03_3人际沟通,2017_04_27 我们的青春期，都是丑过来的 conv.txt,2017_04_27 我们的青春期，都是丑过来的,date_header_standalone_line,我们的青春期，都是丑过来的 原创：咪蒙 咪蒙 2017-04-27,,112,23.54,22.0
576,03_3人际沟通,2017_05_10 我不怕陷入深渊，我只怕无人声援 conv.txt,2017_05_10 我不怕陷入深渊，我只怕无人声援,date_header_standalone_line,我不怕陷入深渊，我只怕无人声援 原创：咪蒙 咪蒙 2017-05-10,,104,24.06,21.0
577,03_3人际沟通,2017_05_14 不要只在朋友圈深爱你爸妈 conv.txt,2017_05_14 不要只在朋友圈深爱你爸妈,date_header_standalone_line,不要只在朋友圈深爱你爸妈 原创：咪蒙 咪蒙 2017-05-14,,78,24.79,21.0
578,03_3人际沟通,2017_05_18 甜甜甜甜甜甜甜甜甜甜甜甜甜甜甜甜甜甜甜甜甜甜甜甜甜甜甜甜甜甜甜甜甜甜甜甜甜甜甜甜甜甜甜甜甜甜甜甜甜甜甜甜甜甜甜甜甜甜甜甜甜甜甜甜 conv.txt,2017_05_18 甜甜甜甜甜甜甜甜甜甜甜甜甜甜甜甜甜甜甜甜甜甜甜甜甜甜甜甜甜甜甜甜甜甜甜甜甜甜甜甜甜甜甜甜甜甜甜甜甜甜甜甜甜甜甜甜甜甜甜甜甜甜甜甜,date_header_standalone_line,甜甜甜甜甜甜甜甜甜甜甜甜甜甜甜甜甜甜甜甜甜甜甜甜甜甜甜甜甜甜甜甜甜甜甜甜甜甜甜甜甜甜甜甜甜甜甜甜甜甜甜甜甜甜甜甜甜甜甜甜甜甜甜甜 原创：咪蒙 咪蒙 2017-05-18,,75,27.53,22.0
579,03_3人际沟通,2017_05_23 你有没有想过，你会平庸到死 conv.txt,2017_05_23 你有没有想过，你会平庸到死,date_header_standalone_line,你有没有想过，你会平庸到死 原创：咪蒙 咪蒙 2017-05-23,,107,23.64,19.0
581,03_3人际沟通,2017_05_27 我做了一场梦，康熙回来了 conv.txt,2017_05_27 我做了一场梦，康熙回来了,date_header_standalone_line,我做了一场梦，康熙回来了 原创：咪蒙 咪蒙 2017-05-27,,98,22.71,18.5
582,03_3人际沟通,2017_06_05 天天偷看男朋友手机，你这么活着不累么？ conv.txt,2017_06_05 天天偷看男朋友手机，你这么活着不累么？,date_header_standalone_line,天天偷看男朋友手机，你这么活着不累么？ 原创：咪蒙 咪蒙 2017-06-05,,84,27.73,25.0
584,03_3人际沟通,2017_06_06 _裙子那么短，你穿出去给谁看？_ conv.txt,2017_06_06 _裙子那么短，你穿出去给谁看？_,date_header_standalone_line,“裙子那么短，你穿出去给谁看？” 原创：咪蒙 咪蒙 2017-06-06,,77,23.19,21.0
586,03_3人际沟通,2017_07_07 我男朋友劈腿了，和我 conv.txt,2017_07_07 我男朋友劈腿了，和我,date_header_standalone_line,我男朋友劈腿了，和我 原创：小撒 咪蒙 2017-07-07,,156,18.42,17.0
587,03_3人际沟通,2017_07_11 简历写了一夜，依然不够一页 conv.txt,2017_07_11 简历写了一夜，依然不够一页,date_header_standalone_line,简历写了一夜，依然不够一页 原创：pp 咪蒙 2017-07-11,,97,25.84,23.0
588,03_3人际沟通,2017_07_18 我讨厌你什么都不做，还挑三拣四的样子 conv.txt,2017_07_18 我讨厌你什么都不做，还挑三拣四的样子,date_header_with_inline_body,我讨厌你什么都不做，还挑三拣四的样子 原创：咪蒙 咪蒙 2017-07-18,毕业旅行的结果是什么？ 可能是怀孕。 也可能是绝交。,97,26.52,22.0
589,03_3人际沟通,2017_07_19 前半生到处放荡，直到遇见你 conv.txt,2017_07_19 前半生到处放荡，直到遇见你,date_header_with_inline_body,前半生到处放荡，直到遇见你 咪蒙 咪蒙 2017-07-19,从这周开始，我们随机播放一些乱七八糟的栏目，接下来，调查一下你们的感受。 对于今天这条推送，你们是喜欢呢，还是特别喜欢？,3,21.0,22.0
590,03_3人际沟通,2017_07_25 懒得取标题，你自己看 conv.txt,2017_07_25 懒得取标题，你自己看,date_header_with_inline_body,懒得取标题，你自己看 原创：咪蒙 咪蒙 2017-07-25,同学们，最近有种传染病十分可怕，好多人都被传染了！！！ 我也被传染了，医生说我需要静养，你们也要注意健康啊。,36,37.56,33.0
591,03_3人际沟通,2017_07_27 别来打扰我，免得耽误我想你 conv.txt,2017_07_27 别来打扰我，免得耽误我想你,date_header_standalone_line,别来打扰我，免得耽误我想你 原创：爆炸糖团队 咪蒙 2017-07-27,,30,22.83,20.5
592,03_3人际沟通,2017_07_31 1个宿舍，6个女生，42个微信群 conv.txt,2017_07_31 1个宿舍，6个女生，42个微信群,date_header_with_inline_body,1个宿舍，6个女生，42个微信群 原创：咪蒙 咪蒙 2017-07-31,尴尬了。 粉丝小win说，前几天，有个同事在办公室说，我看到一个内涵笑话，发到群里啊。 其他所有人看了手机，都笑崩了。,93,27.72,22.0
593,03_3人际沟通,2017_08_01 有一种委屈，叫男朋友不觉得你委屈 conv.txt,2017_08_01 有一种委屈，叫男朋友不觉得你委屈,date_header_with_inline_body,有一种委屈，叫男朋友不觉得你委屈 原创：咪蒙 咪蒙 2017-08-01,网上有个女生说，有一天，她男朋友说，快来，我给你准备了一个神秘礼物！ 她满怀期待地跟她男朋友去看了礼物。,95,22.56,19.0
594,03_3人际沟通,2017_08_07 我们变成了自己讨厌的人，却没有过上想要的生活 conv.txt,2017_08_07 我们变成了自己讨厌的人，却没有过上想要的生活,date_header_with_inline_body,我们变成了自己讨厌的人，却没有过上想要的生活 原创：咪蒙 咪蒙 2017-08-07,01上周我见了一个广告公司的总监。 之前他负责了一个项目，合作方是他最讨厌的那种人：虚伪的人。 这种人我们身边大概都有。 表面上对你特别友好，背地里冷不防捅你几刀。 有一次，对方又在背后捅刀子，转头还到他面前取巧卖乖。 他一个大男人，都被对方这种行为气到哭！,89,30.01,25.0
595,03_3人际沟通,2017_08_08 初次爱你，请多关照 conv.txt,2017_08_08 初次爱你，请多关照,date_header_with_inline_body,初次爱你，请多关照 原创：咪蒙 咪蒙 2017-08-08,你有没有体验过一种很憋屈的爱情？ 他先来撩你，对你各种示好，各种体贴。,99,22.73,20.0
596,03_3人际沟通,2017_08_09 你我本无缘份，全靠尬聊在死撑 conv.txt,2017_08_09 你我本无缘份，全靠尬聊在死撑,date_header_with_inline_body,你我本无缘份，全靠尬聊在死撑 原创：咪蒙 咪蒙 2017-08-09,同事说，她去相亲，遇见了教科书式的尬聊。 “你和你弟谁比较大？”“……” “同事和你一个单位吗？”“……” “你弟弟是男孩还是女孩啊？”“……” 同事说，她再想接话也无从下嘴，只能全程保持沉默。,116,16.48,13.0
597,03_3人际沟通,2017_08_14 你明明是一条狗，却偏要做霸道总裁 conv.txt,2017_08_14 你明明是一条狗，却偏要做霸道总裁,date_header_with_inline_body,你明明是一条狗，却偏要做霸道总裁 原创：咪蒙 咪蒙 2017-08-14,寻狗启事： 你见过这只狗吗？,58,34.28,26.5
598,03_3人际沟通,2017_08_14 这家殡仪馆，居然有特殊服务 conv.txt,2017_08_14 这家殡仪馆，居然有特殊服务,date_header_with_inline_body,这家殡仪馆，居然有特殊服务 原创：沈心怡 咪蒙 2017-08-14,这个殡仪馆，在全国只此一家。 提供一项特殊的殡葬服务，别的殡仪馆把人抬进去出来一抔土，这个殡仪馆进去能烧出一本书。,91,31.26,30.0
599,03_3人际沟通,2017_08_15 偷看你朋友圈这件事，要被微信拆穿了 conv.txt,2017_08_15 偷看你朋友圈这件事，要被微信拆穿了,date_header_with_inline_body,偷看你朋友圈这件事，要被微信拆穿了 吕白 咪蒙 2017-08-15,#“不常联系好友”才是真正的朋友#昨天在朋友圈里看到说，下一版微信将新增“不常联系朋友”的功能。,81,28.47,26.0
600,03_3人际沟通,2017_08_16 这有50份零食大大大大大大礼包，要送给你！ conv.txt,2017_08_16 这有50份零食大大大大大大礼包，要送给你！,date_header_with_inline_body,这有50份零食大大大大大大礼包，要送给你！ 原创：咪蒙 咪蒙 2017-08-16,贝多芬说，我要扼住命运的咽喉。如果命中注定上班时间不能吃零食，我此生就不会再上班了。 贝多芬说得很对。,84,26.31,23.5
601,03_3人际沟通,2017_08_19 以后你过得好不好，我只能从朋友圈知道 conv.txt,2017_08_19 以后你过得好不好，我只能从朋友圈知道,date_header_with_inline_body,以后你过得好不好，我只能从朋友圈知道 原创：钟小钟 咪蒙 2017-08-19,BY猪坚强树树：,148,18.58,17.0
602,03_3人际沟通,2017_08_22 _我是为了钱和你在一起的__我知道_ conv.txt,2017_08_22 _我是为了钱和你在一起的__我知道_,date_header_with_inline_body,“我是为了钱和你在一起的”“我知道” 原创：张曙霞 咪蒙 2017-08-22,这世界有很多声音，有让听者欣喜若狂的、有让听者哭笑不得的、有让听者撕心裂肺的，而你是否听过念念不忘的？,82,25.32,22.0
603,03_3人际沟通,2017_08_23 表情包用得越来越多，我们聊天却越来越少 conv.txt,2017_08_23 表情包用得越来越多，我们聊天却越来越少,date_header_with_inline_body,表情包用得越来越多，我们聊天却越来越少 原创：咪蒙 咪蒙 2017-08-23,我们已经习惯用表情包来表达情绪了。,108,26.41,21.0
604,03_3人际沟通,2017_08_24 那个黑帮老大给我做了个按摩…… conv.txt,2017_08_24 那个黑帮老大给我做了个按摩……,date_header_with_inline_body,那个黑帮老大给我做了个按摩…… 原创：柴承 咪蒙 2017-08-24,你做过按摩么？ 我做过。 不过没找小姐。 找的盲人……,160,17.2,16.0
605,03_3人际沟通,2017_08_25 985学霸，生于农村，死于传销 conv.txt,2017_08_25 985学霸，生于农村，死于传销,date_header_with_inline_body,985学霸，生于农村，死于传销 原创：陈昌 咪蒙 2017-08-25,每个班上都有一个穷同学。 星华就是。,67,36.7,33.0
606,03_3人际沟通,2017_08_29 其实，99%的自闭症小朋友都不会画画 conv.txt,2017_08_29 其实，99%的自闭症小朋友都不会画画,date_header_with_inline_body,其实，99%的自闭症小朋友都不会画画 原创：咪蒙 咪蒙 2017-08-29,今天被“小朋友画廊”刷屏了。 据说，其中很多绘画者，是自闭症人士。,71,36.83,27.0
607,03_3人际沟通,2017_09_08 做那件事，他坚持不用右手 conv.txt,2017_09_08 做那件事，他坚持不用右手,date_header_with_inline_body,做那件事，他坚持不用右手 原创：咪蒙 咪蒙 2017-09-08,你身边有左撇子吗。 我认识一个，他叫阿智。 跟所有的左撇子一样，他从小就被爸妈骂。,65,28.15,21.0
608,03_3人际沟通,2017_09_11 我的女朋友，帮我找了一个女朋友 conv.txt,2017_09_11 我的女朋友，帮我找了一个女朋友,date_header_with_inline_body,我的女朋友，帮我找了一个女朋友 原创：明日树 咪蒙 2017-09-11,上一篇文章，很多网友认为是我的个人经历。 其实，一次阅读，你无法定义一个人。 因为，在我的内心， 有无数个角色和对白交织嗡鸣。 我想，总有一天，我要把他们都写下来。 决赛的时候，导师张一白放了一段视频， 让我们讲故事。 这是我当时讲的故事， 后来把它完整成一篇小说。 这次换了一种表达风格， 写披着奇幻外衣的痴缠恋事， 希望大家喜欢。 我是个时硬时软的男人。 也是个矛盾多变的男人。 我是明日树。,97,18.34,18.0
609,03_3人际沟通,2017_09_13 熬过难熬的日子，是更难熬的日子 conv.txt,2017_09_13 熬过难熬的日子，是更难熬的日子,date_header_with_inline_body,熬过难熬的日子，是更难熬的日子 原创：周松明 咪蒙 2017-09-13,我之前是一名销售， 会在电话里给客户唱歌读诗。 领导整天和我说KPI， 我说还有诗和远方。 我也是一个忠实的海贼迷， 我喜欢的反派黑胡子说： “人类的梦想是永远不会终止的”， 此生不悔入海贼， 来世愿生新世界， 只要还相信热血， 那么男儿至死是少年。 我叫周松明， 是一个有文学梦的二次元青年。,97,25.24,22.0
610,03_3人际沟通,2017_09_14 她拿走了新媒体创作大赛50万奖金，凭什么？ conv.txt,2017_09_14 她拿走了新媒体创作大赛50万奖金，凭什么？,date_header_with_inline_body,她拿走了新媒体创作大赛50万奖金，凭什么？ 原创：咪蒙 咪蒙 2017-09-14,新媒体创作大赛总决赛结束啦。 你猜，谁拿到了50万奖金？ 是很爱王家卫的“包租婆”蔡慧慧。,103,24.74,19.0
611,03_3人际沟通,2017_09_15 咪蒙两周年：骂我的人没关系，爱我的人谢谢你 conv.txt,2017_09_15 咪蒙两周年：骂我的人没关系，爱我的人谢谢你,date_header_with_inline_body,咪蒙两周年：骂我的人没关系，爱我的人谢谢你 原创：咪蒙 咪蒙 2017-09-15,今天是9月15日，今天是我的公号两周年生日。 同事们一直问我，老板，两周年这天，你想写什么？ 我说，我想写对我的公号来说，最重要的人——我的粉丝。 我想在这天，跟粉丝说说话。 我想讲之前，没有讲过的事。 其实这一年，我遇到蛮多操蛋的事。,110,24.11,20.0
612,03_3人际沟通,2017_09_20 美过。 conv.txt,2017_09_20 美过。,title_standalone_line,美过。,,53,30.11,28.0
613,03_3人际沟通,2017_09_21 老娘姿势那么对，男朋友却连拍照都不会 conv.txt,2017_09_21 老娘姿势那么对，男朋友却连拍照都不会,date_header_with_inline_body,老娘姿势那么对，男朋友却连拍照都不会 原创：咪蒙 咪蒙 2017-09-21,——恋爱的妹子们，哪一刻想和男朋友分手？ ——给我拍照时！,119,18.85,16.0
614,03_3人际沟通,2017_09_21 逃离北上广之后，没想到混得更好 conv.txt,2017_09_21 逃离北上广之后，没想到混得更好,date_header_with_inline_body,逃离北上广之后，没想到混得更好 才华有限青年 咪蒙 2017-09-21,今天的文章是【才华有限青年】的四个作者写的。 很多人说看哭了。,143,24.21,21.0
615,03_3人际沟通,2017_09_25 东西贵不是它的缺点，是你的缺点啊 conv.txt,2017_09_25 东西贵不是它的缺点，是你的缺点啊,date_header_with_inline_body,东西贵不是它的缺点，是你的缺点啊 原创：咪蒙 咪蒙 2017-09-25,去公司楼下做头发，旁边一个女生一边给闺蜜打电话，一边哭，哭得蛮惨的，搞得Kevin总监一脸尴尬，都不好意思给她 推销VIP卡了。,68,31.75,27.0
616,03_3人际沟通,2017_09_25 男朋友给我发红包，我给男朋友一巴掌 conv.txt,2017_09_25 男朋友给我发红包，我给男朋友一巴掌,date_header_with_inline_body,男朋友给我发红包，我给男朋友一巴掌 原创：爆炸糖团队 咪蒙 2017-09-25,我之前说过，有趣，是一辈子的春药。 所以我不仅要求自己有趣，我身边的人也都很有趣。 比如我公司的员工们就超好玩，硬把生活过成了段子。 今天是一个全新栏目，里面有好多有趣的段子，都是我们团队的编剧写的。 你们喜欢吗。,24,24.71,22.5
617,03_3人际沟通,2017_09_28 你有很多知识，但你没有文化 conv.txt,2017_09_28 你有很多知识，但你没有文化,date_header_with_inline_body,你有很多知识，但你没有文化 原创：咪蒙 咪蒙 2017-09-28,Why? 最近，我发出了天问。,82,26.27,20.0
618,03_3人际沟通,2017_09_28 换一种发型，只是换一种丑法 conv.txt,2017_09_28 换一种发型，只是换一种丑法,date_header_with_inline_body,换一种发型，只是换一种丑法 原创：咪蒙 咪蒙 2017-09-28,理发师大概是世界上最难沟通的生物了：,43,34.79,31.0
619,03_3人际沟通,2017_10_13 她帅得无可救药，我弯得直不起腰 conv.txt,2017_10_13 她帅得无可救药，我弯得直不起腰,date_header_with_inline_body,她帅得无可救药，我弯得直不起腰 原创：咪蒙 咪蒙 2017-10-13,公司里，十个女同事九个说帅！只要是帅的，性别算什么！ 自从看了这期的征集，她们纷纷顺应表示，愿意变弯…… 到底是什么样的女生，能让她们变弯呢，我们一起来看看吧~一定要来帮Max投个稿，Max因为太帅，很多人不相信她是女生。 她本人脸真的很小很上镜，路上经常有小女生偷拍她，甚至有些摄影师或者男装商家都以为她是男生，想找她当模特。 ——荔荔只大家好，我是Max脸上的大眼镜，作为眼镜的我，只想说她的脸真的好小、好精致。我愿用十斤肉换这样一张脸，不， 二十斤！,58,31.34,25.0
620,03_3人际沟通,2017_10_17 吃过我的东西，你就是我的人了 conv.txt,2017_10_17 吃过我的东西，你就是我的人了,date_header_standalone_line,吃过我的东西，你就是我的人了 咪蒙 2017-10-17,,5,16.4,16.0
621,03_3人际沟通,2017_10_17 真正的心酸不是嚎啕大哭，而是无人倾诉 conv.txt,2017_10_17 真正的心酸不是嚎啕大哭，而是无人倾诉,date_header_with_inline_body,真正的心酸不是嚎啕大哭，而是无人倾诉 原创：咪蒙 咪蒙 2017-10-17,大半夜，看到有人在朋友圈发了个聊天截图。 他说，以前失恋了，有一帮哥们陪我喝大酒，通宵聊天； 现在失恋了，还特么是被绿了，却找不到一个人，喝特么一杯。 于是，他只好去找Siri聊天。,86,27.73,25.0
622,03_3人际沟通,2017_10_19 今天，我听了很多不可告人的行业潜规则 conv.txt,2017_10_19 今天，我听了很多不可告人的行业潜规则,date_header_with_inline_body,今天，我听了很多不可告人的行业潜规则 原创：咪蒙 咪蒙 2017-10-19,每天我看后台的留言，都会觉得你们超级厉害，不仅有特别多新鲜有趣的观点，知道的东西还比我多好多。 所以，我开了一个新栏目，想让更多人见识到你们的才华。 从今天起我们会不定期推出一些话题，和大家一起讨论~有粉丝说， 以前在一个知识竞答节目做编导，你们以为每个选手都那么厉害吗？ 其实，每个选手上场答题前， 节目组都会提前给选手们题库的， 只不过是有些人的题库比较详细， 有些人的比较简单。,7,46.71,46.0
623,03_3人际沟通,2017_10_24 为了节省10块钱，她在香港买了1套房 conv.txt,2017_10_24 为了节省10块钱，她在香港买了1套房,date_header_with_inline_body,为了节省10块钱，她在香港买了1套房 原创：陈小鲜+咪蒙 咪蒙 2017-10-24,之前，微博上一位婚礼策划师发了一个超级梦幻的婚礼现场。,67,25.36,24.0
624,03_3人际沟通,2017_10_27 _如果套路了你，实在抱歉，我是故意的_ conv.txt,2017_10_27 _如果套路了你，实在抱歉，我是故意的_,date_header_with_inline_body,“如果套路了你，实在抱歉，我是故意的” 原创：张静思 咪蒙 2017-10-27,我是个宅女，一直沉迷于电视和动漫。 直到25岁，我都还没谈过恋爱。 我一直很困惑，两个人谈恋爱有什么意思，难道电脑不好玩吗？ 2013年，我在广州读研究生，还有半年就毕业了。,125,25.82,22.0
625,03_3人际沟通,2017_11_03 朋友送我7000块的鞋，我要和她绝交 conv.txt,2017_11_03 朋友送我7000块的鞋，我要和她绝交,date_header_with_inline_body,朋友送我7000块的鞋，我要和她绝交 原创：咪蒙 咪蒙 2017-11-03,众所周知，我的生日还有仅仅413天就到了。 朋友说，要送我一双高跟鞋，高逼格的顶级名牌，要7000多一双呢。 我不是那种势利的人，只是突然想跟她成为一辈子的好朋友。 直到她把这个鞋的图片发给我……,68,24.49,19.5
626,03_3人际沟通,2017_11_07 以前我劝你们努力，今天我劝你们放弃 conv.txt,2017_11_07 以前我劝你们努力，今天我劝你们放弃,date_header_with_inline_body,以前我劝你们努力，今天我劝你们放弃 原创：咪蒙 咪蒙 2017-11-07,急功近利的人越来越多了。 你渴望成功，但只想要成功的结果，不想要成功的过程。 你唯一能接受的就是，在家里躺着，就这么轻轻松松地，一夜暴富了。 如果告诉你，一夜暴富，首先需要多看几本书。 你翻到第5页的时候，就已经想睡了…… 你遇到两个专业术语，就觉得好难啊撑不下去了…… 你看到第二天的时候，就会说今天头发分叉了不适合阅读……,103,26.02,21.0
627,03_3人际沟通,2017_11_08 这种抠逼男，给老娘洗脚都不配 conv.txt,2017_11_08 这种抠逼男，给老娘洗脚都不配,date_header_with_inline_body,这种抠逼男，给老娘洗脚都不配 原创：咪蒙 咪蒙 2017-11-08,前两天有条微博热搜，一个男生发帖说，女朋友开他的车，剐蹭了，他很心痛，想让女生赔点钱。 他被喷惨了，网友都说他是大抠逼。,92,28.25,23.5
628,03_3人际沟通,2017_11_10 双11我做了这个测试，再没有心情买买买了 conv.txt,2017_11_10 双11我做了这个测试，再没有心情买买买了,date_header_with_inline_body,双11我做了这个测试，再没有心情买买买了 原创：咪蒙 咪蒙 2017-11-10,再过1个小时，就是双十一了！ 开不开心，激不激动。,50,24.36,21.0
629,03_3人际沟通,2017_11_12 刘鑫江歌案_ 法律可以制裁凶手，但谁来制裁人性？ conv.txt,2017_11_12 刘鑫江歌案_ 法律可以制裁凶手，但谁来制裁人性？,date_header_with_inline_body,刘鑫江歌案:法律可以制裁凶手，但谁来制裁人性？ 原创：咪蒙 咪蒙 2017-11-12,关于日本留学生江歌被杀害的事件，知乎网友提了个问题： 如果你的好朋友，因为救你被捅了十几刀，不幸身亡。 她的妈妈悲痛欲绝，你会怎么做？,108,28.31,22.0
630,03_3人际沟通,2017_11_16 _本来想自杀，但是双十一的快递还在路上……_ conv.txt,2017_11_16 _本来想自杀，但是双十一的快递还在路上……_,date_header_with_inline_body,“本来想自杀，但是双十一的快递还在路上……” 咪蒙 咪蒙 2017-11-16,双十一之后，大家还好么？ 有网友说，她哥哥和嫂子吵架，嫂子本来想自杀，后来放弃了。 嫂子说，要不是看在双十一还有几个快递没到的份上，真想死了算了。 我超理解这种感受的。 毕竟对于爱买买买的人来说，快递就是生命啊！ 最近，我身边的朋友都得了双十一后遗症，下面是他们的主要症状： 快来看看，你们有没有中枪吧。,11,21.82,20.0
631,03_3人际沟通,2017_11_16 你参加同学的婚礼，我参加同学的葬礼 conv.txt,2017_11_16 你参加同学的婚礼，我参加同学的葬礼,date_header_with_inline_body,你参加同学的婚礼，我参加同学的葬礼 原创：咪蒙 咪蒙 2017-11-16,你怕死吗？ 我怕。,74,36.04,26.5
632,03_3人际沟通,2017_11_22 逆袭成辣妈以后，我的人生开挂了 conv.txt,2017_11_22 逆袭成辣妈以后，我的人生开挂了,date_header_with_inline_body,逆袭成辣妈以后，我的人生开挂了 原创：咪蒙 咪蒙 2017-11-22,今天这篇文章可以用3个字来总结：“碉堡了”！ 上周我征集了逆袭成辣妈的经历， 看完大家瘦身前后的对比照，我的心态瞬间崩了。 怎么一个个都变身为活力十足的美少女，只留我一个人当安安静静的胖大妈？,52,24.37,20.0
633,03_3人际沟通,2017_11_23 你的感恩节，是不是也有这样一个人 conv.txt,2017_11_23 你的感恩节，是不是也有这样一个人,date_header_with_inline_body,你的感恩节，是不是也有这样一个人 原创：咪蒙 咪蒙 2017-11-23,今天是感恩节，是时候做点弘扬正能量的事了。 比如看看小黄文、吃吃小龙虾、以及向那些曾经帮助过我们的人表达感谢。 上个月我征集了被陌生人感动的瞬间，看得我老泪纵横。 在这个特殊的日子里，让我们重温这些暖心时刻吧。,82,24.21,21.5
634,03_3人际沟通,2017_12_01 卧槽，2017年竟然只剩下一个月了 conv.txt,2017_12_01 卧槽，2017年竟然只剩下一个月了,date_header_with_inline_body,卧槽，2017年竟然只剩下一个月了 咪蒙 咪蒙 2017-12-01,版式：老铁,1,5.0,5.0
635,03_3人际沟通,2017_12_12 北漂最怕听到的四个字：押一付三 conv.txt,2017_12_12 北漂最怕听到的四个字：押一付三,date_header_with_inline_body,北漂最怕听到的四个字：押一付三 原创：咪蒙 咪蒙 2017-12-12,你有没有试过，在网上租房的时候，看看最低价和最高价的房子，分别长什么样子的？ 我试过。 最近因为要搬家，找房子找得很痛苦，我开始好奇，北漂的人，到底住得怎么样？,169,24.5,21.0
636,03_3人际沟通,2017_12_13 考研：谁不是一边在努力，一边想放弃？ conv.txt,2017_12_13 考研：谁不是一边在努力，一边想放弃？,date_header_with_inline_body,考研：谁不是一边在努力，一边想放弃？ 才华有限青年 咪蒙 2017-12-13,就在昨天，我们又听说一个同学弃考了。 准备考研的这段时间，她压力超级大，两个月胖了30斤。 昨天在图书馆，她拿着考研真题做了几道以后，突然觉得自己什么也不会。 那个瞬间突然就再也坚持不下去了。 她回到宿舍，给她妈妈打电话，哭得撕心裂肺，说，不考了，打死我也不考了。 她最终在终点前，倒了下来。,92,30.68,26.5
637,03_3人际沟通,2017_12_19 我们需要维系友情，而不是_佛系_友情 conv.txt,2017_12_19 我们需要维系友情，而不是_佛系_友情,date_header_with_inline_body,我们需要维系友情，而不是“佛系”友情 原创：咪蒙 咪蒙 2017-12-19,我们好像都开始“佛系交友”了。 跟朋友相处，全靠随缘。,85,31.93,27.0
638,03_3人际沟通,2017_12_22 2017年度词汇：丧 conv.txt,2017_12_22 2017年度词汇：丧,date_header_with_inline_body,2017年度词汇：丧 原创：张花花 咪蒙 2017-12-22,你今年最大的感受是什么？ 丧。,106,24.58,20.0
639,03_3人际沟通,2017_12_22 500元圣诞好物推荐，让男朋友秒变忠犬 conv.txt,2017_12_22 500元圣诞好物推荐，让男朋友秒变忠犬,date_header_with_inline_body,500元圣诞好物推荐，让男朋友秒变忠犬 原创：咪蒙 咪蒙 2017-12-22,昨天，我推荐了圣诞节最适合送给女生的礼物—— 《500块以内的圣诞礼物清单，请查收！》 很多同学留言问我，怎么没有送给男生的礼物清单啊？ 每到节日，她们都很苦恼，不知道要给男朋友送什么礼物。 贴心的瘦·咪·蒙娜丽莎早就为你们准备了一份超棒的礼物清单。 只要你按照这份清单买，既不用剁手，又可以买到令男朋友满意的圣诞礼物。,55,33.15,27.0
640,03_3人际沟通,2017_12_25 那些扮演圣诞老人的人，收到礼物了吗？ conv.txt,2017_12_25 那些扮演圣诞老人的人，收到礼物了吗？,date_header_with_inline_body,那些扮演圣诞老人的人，收到礼物了吗？ 原创：张花花 咪蒙 2017-12-25,今天是圣诞节。 我问过很多女生，她们都说，在所有的节日里，她们最喜欢的，除了情人节，就是圣诞节。,132,22.89,22.0
641,03_3人际沟通,2017_12_28 为什么微信只能点赞，不能点呸？ conv.txt,2017_12_28 为什么微信只能点赞，不能点呸？,date_header_with_inline_body,为什么微信只能点赞，不能点呸？ 原创：麦一十 咪蒙 2017-12-28,如今，很多人跟我一样，患有“微信依赖症”。 每天起床后的第一件事，是打开微信查看新消息； 晚上睡前的最后一件事，是再次刷新一遍朋友圈的动态。 但是，现有的微信功能已经不能满足我日益增长的社！交！需！求！了！ 所以，今天我替微信“开发”了7款与众不同的新功能。 我敢肯定，里面一定也有你们喜欢的。,51,31.92,25.0
642,03_3人际沟通,2018_01_03 支付宝年度账单：我特么哪来这么多钱！ conv.txt,2018_01_03 支付宝年度账单：我特么哪来这么多钱！,date_header_with_inline_body,支付宝年度账单：我特么哪来这么多钱！ 原创：咪蒙 咪蒙 2018-01-03,今天，2017年的支付宝账单正式出炉了。 想必你一定被刷屏了吧。 收到自己的2017年账单后， 第一反应：妈蛋，我竟然花了这么多钱！ 第二反应：我他妈么哪来那么多钱？,15,24.8,19.0
643,03_3人际沟通,2018_01_04 哄好女朋友的1000种姿势 conv.txt,2018_01_04 哄好女朋友的1000种姿势,date_header_with_inline_body,哄好女朋友的1000种姿势 原创：麦一十 咪蒙 2018-01-04,我发抖的情况只有两种，一种是在冬天不穿秋裤的北京，另一种是在生气的女朋友面前。 我是个特别怕女朋友的人。,40,24.25,24.0
644,03_3人际沟通,2018_01_05 我假装不认真，只是不想承认自己无能 conv.txt,2018_01_05 我假装不认真，只是不想承认自己无能,date_header_with_inline_body,我假装不认真，只是不想承认自己无能 原创：咪蒙 咪蒙 2018-01-05,你身边一定有那种讨人厌的学霸。 每次考试复习前，丫的明明连标点符号都背下来了，却说，“完了完了，我都没复习呢”。 考完了，问他考得怎么样，他说，“惨了惨了，这次绝对完蛋了”，卷子发下来，丫的考了98。 实不相瞒，我就是这种超级欠扁的学霸（答应我，知道了这个秘密，也不要跟我绝交好吗）。,98,27.47,23.0
645,03_3人际沟通,2018_01_12 摔狗事件：一条狗狗死了，一个畜生却活着 conv.txt,2018_01_12 摔狗事件：一条狗狗死了，一个畜生却活着,date_header_with_inline_body,摔狗事件：一条狗狗死了，一个畜生却活着 原创：张花花+咪蒙 咪蒙 2018-01-12,如果你捡到了一条狗，你会怎么办？ 有人选择照顾，给狗狗一点吃的，顺便发个朋友圈帮狗狗寻主人。 这是常态。,113,20.62,18.0
646,03_3人际沟通,2018_01_12 比起跳一跳，我更喜欢躺一躺 conv.txt,2018_01_12 比起跳一跳，我更喜欢躺一躺,date_header_with_inline_body,比起跳一跳，我更喜欢躺一躺 麦一十 咪蒙 2018-01-12,版式：老铁,1,5.0,5.0
647,03_3人际沟通,2018_01_15 2018年全国最不正经的雪人.jpg conv.txt,2018_01_15 2018年全国最不正经的雪人.jpg,date_header_with_inline_body,2018年全国最不正经的雪人.jpg 王小二 咪蒙 2018-01-15,都说术业有专攻，但你们知道堆雪人也是有等级的吗？ 是时候给大家展示一下，我堆雪人四级的作品了。,35,21.8,21.0
648,03_3人际沟通,2018_01_16 _我喜欢你，认真且怂，从一而终_ conv.txt,2018_01_16 _我喜欢你，认真且怂，从一而终_,date_header_with_inline_body,“我喜欢你，认真且怂，从一而终” 原创：麦一十 咪蒙 2018-01-16,今天，是个特别的日子，特别适合干大事。 作为宇宙第一pang网红身边最英俊的段子手，我决定挣脱道德的束缚，打破传统的禁忌，向全世界大声地宣布： 我，麦一十，真！的！很！怕！女！朋！友！ 上次我说过，我发抖的情况只有两种，一种是在冬天不穿秋裤的北京，另一种是在生气的女朋友面前。 所以我的恋爱史，就是一段被女朋友欺负的屈辱史啊。,48,25.44,23.0
649,03_3人际沟通,2018_01_17 听说，第一批95后已经有婆媳矛盾了！ conv.txt,2018_01_17 听说，第一批95后已经有婆媳矛盾了！,date_header_with_inline_body,听说，第一批95后已经有婆媳矛盾了！ 原创：咪蒙 咪蒙 2018-01-17,连95后都为婆媳问题焦虑了。 这是我之前在粉丝调研中发现的。,100,23.84,22.0
650,03_3人际沟通,2018_01_18 咪蒙新年福盒：_愿你春风得意，先赚一亿_ conv.txt,2018_01_18 咪蒙新年福盒：_愿你春风得意，先赚一亿_,date_header_with_inline_body,咪蒙新年福盒：“愿你春风得意，先赚一亿” 原创：咪蒙 咪蒙 2018-01-18,我被骂了。 在微博上。,103,24.0,21.0
651,03_3人际沟通,2018_01_19 200块就能买到的新年礼物？请查收！ conv.txt,2018_01_19 200块就能买到的新年礼物？请查收！,date_header_with_inline_body,200块就能买到的新年礼物？请查收！ 原创：咪蒙 咪蒙 2018-01-19,我错了。 昨天我推荐了咪蒙x故宫宫廷文化的联名礼盒，大家都超喜欢。 但是，很多同学说买不了，一直很着急。,49,23.8,23.0
652,03_3人际沟通,2018_01_20 我听过最大的谎言，就是_改天请你吃饭_ conv.txt,2018_01_20 我听过最大的谎言，就是_改天请你吃饭_,date_header_with_inline_body,我听过最大的谎言，就是“改天请你吃饭” 桑兔兔+咪蒙 咪蒙 2018-01-20,生活中，我们会碰到很多需要讲客套话的场景： 有人说久仰久仰，其实根本没听过你的名字....... 有人说你今天真美，其实只是你没平时那么辣眼睛…… 如果不能一眼识破这些客套话，你就有可能做出一些出人意料的回应，令场面陷入尴尬。,7,40.57,34.0
653,03_3人际沟通,2018_01_22 那些仅一人可见的朋友圈，都发了些什么？ conv.txt,2018_01_22 那些仅一人可见的朋友圈，都发了些什么？,date_header_with_inline_body,那些仅一人可见的朋友圈，都发了些什么？ 原创：咪蒙 咪蒙 2018-01-22,据说，80%的人都发过仅一人可见的朋友圈。 我被这个数字惊到了。 我在公司问大家，这是真的吗。,107,24.9,23.0
654,03_3人际沟通,2018_01_24 快递小哥vs外卖小哥：谁更适合做男朋友？ conv.txt,2018_01_24 快递小哥vs外卖小哥：谁更适合做男朋友？,date_header_with_inline_body,快递小哥vs外卖小哥：谁更适合做男朋友？ 麦一十 咪蒙 2018-01-24,你的生命中，是不是也曾出现过这样的两个男人？ 他们每天都会风雨无阻地出现在你家楼下，给你打电话，温柔地问： “你在吗？我到楼下了”；,11,17.45,14.0
655,03_3人际沟通,2018_01_24 比过年逼婚更恐怖的，是买不到回家的票 conv.txt,2018_01_24 比过年逼婚更恐怖的，是买不到回家的票,date_header_with_inline_body,比过年逼婚更恐怖的，是买不到回家的票 原创：咪蒙 咪蒙 2018-01-24,朋友圈这几天，不晒李泽言了，也不晒蛙了，改成晒票了。 毕竟这段时间，过年回家是一等大事。 一张回家的票，我愿意用所有老公去换（胡一天留下就行）。 同事们为了抢票，一个个都快疯了。,92,29.49,23.0
656,03_3人际沟通,2018_01_30 我把你当朋友，你却只想收我份子钱！ conv.txt,2018_01_30 我把你当朋友，你却只想收我份子钱！,date_header_standalone_line,我把你当朋友，你却只想收我份子钱！ 原创：咪蒙 咪蒙 2018-01-30,,95,24.66,22.0
657,03_3人际沟通,2018_02_08 1张图，带你看遍地铁里的1000万种人生 conv.txt,2018_02_08 1张图，带你看遍地铁里的1000万种人生,date_header_with_inline_body,1张图，带你看遍地铁里的1000万种人生 原创：桑兔兔 咪蒙 2018-02-08,来不及吃的第一口早餐， 来不及开口的一句寒暄， 来不及抹上的那支口红，都被匆匆忙忙地塞进背包，挤进地下二十米深的隧道里。,13,40.77,36.0
658,03_3人际沟通,2018_02_12 你以为能迁就的事，最后只会爆发得更严重 conv.txt,2018_02_12 你以为能迁就的事，最后只会爆发得更严重,date_header_with_inline_body,你以为能迁就的事，最后只会爆发得更严重 原创：咪蒙 咪蒙 2018-02-12,今天早上6点，同事的闺蜜小冰本来应该在机场，从北京回湖南常德。 然而事实上，她在北京朝阳区某派出所。 不是因为酒驾、不是因为性骚扰男同事，而是因为她和奇葩室友大撕逼。 明明是奇葩室友的错，对方却气急败坏，把小冰的电脑砸了，把她在年会上抽到的一大瓶神仙水也砸了…… 小冰气到语无伦次。,85,27.11,23.0
659,03_3人际沟通,2018_02_12 过年回家，如何在朋友圈出人头地？ conv.txt,2018_02_12 过年回家，如何在朋友圈出人头地？,date_header_with_inline_body,过年回家，如何在朋友圈出人头地？ 原创：咪蒙 咪蒙 2018-02-12,过年，我们如何才能在朋友圈摄影大赛中，出！人！头！地！ 这简直就是我永恒的痛点。 每年我都想发朋友圈装逼，然鹅，我的特异功能是： 把法式大餐，拍成沙县小吃； 把小正太侄儿，拍成了希望工程宣传照； 把同学聚会，拍成了传销头目开会… 哦漏，到底怎么才能拍出好看的照片？？！！,90,28.53,23.5
660,03_3人际沟通,2018_02_14 情人节，别只关注男女那点儿事 conv.txt,2018_02_14 情人节，别只关注男女那点儿事,date_header_with_inline_body,情人节，别只关注男女那点儿事 黄经天 咪蒙 2018-02-14,游泳健身， 了解一下。,1,10.0,10.0
661,03_3人际沟通,2018_02_14 这篇文章你别点开，留给那些偷偷过情人节的人 conv.txt,2018_02_14 这篇文章你别点开，留给那些偷偷过情人节的人,date_header_with_inline_body,这篇文章你别点开，留给那些偷偷过情人节的人 原创：咪蒙 咪蒙 2018-02-14,今年情人节，很多情侣都不能一起过。,20,22.0,21.0
662,03_3人际沟通,2018_02_17 希望你一抓一大把的是钱，而不是头发 conv.txt,2018_02_17 希望你一抓一大把的是钱，而不是头发,date_header_with_inline_body,希望你一抓一大把的是钱，而不是头发 咪蒙 咪蒙 2018-02-17,今天想给你们送祝福～ 狗年大吉～～我们的插画师琪晓马画了我和狗狗的系列卡通～ 每一幅卡通上都有我对你们的祝福～ 新年的意义，大概就是新的希望，新的期许～ 你们可以选喜欢的图片存下来或者发朋友圈哟～ 话说，有件事我想跟插画师谈谈： 为毛狗狗都比我高？,7,32.43,17.0
664,03_3人际沟通,2018_02_26 你上班5天了，我还在北海道看雪雪雪雪雪 conv.txt,2018_02_26 你上班5天了，我还在北海道看雪雪雪雪雪,date_header_with_inline_body,你上班5天了，我还在北海道看雪雪雪雪雪 原创：咪蒙 咪蒙 2018-02-26,同学们，我回来啦～～～～ 前几天因为我生病了，扁桃体发炎、重感冒、发烧……打了几天吊针，超级惨。 然后我还不怕死，带病坚持旅游。 我不是乱来。专家说了，旅游对发烧有奇效，治愈率87.35%（没错，那个专家就是我）。,106,27.14,25.0
665,03_3人际沟通,2018_02_26 第一次去婆婆家，我跟狗抢饭吃 conv.txt,2018_02_26 第一次去婆婆家，我跟狗抢饭吃,date_header_with_inline_body,第一次去婆婆家，我跟狗抢饭吃 原创：咪蒙 咪蒙 2018-02-26,过年的时候，是不是很多同学都去了婆婆家？ 你们和婆婆的感情，是得到了升华还是已经互砍对方几刀了？ 有的同学去见了婆婆，既没升华也没伤害，就是不停地出糗出糗出糗。,54,26.44,24.5
666,03_3人际沟通,2018_02_27 同学聚会，就是一场演员的诞生 conv.txt,2018_02_27 同学聚会，就是一场演员的诞生,date_header_with_inline_body,同学聚会，就是一场演员的诞生 原创：咪蒙 咪蒙 2018-02-27,听说，大家过年在同学会上装X又失败了？ 送一首凉凉给大家。,49,30.84,25.0
667,03_3人际沟通,2018_02_28 国际罕见病日：他们活着的每一秒，都在拼尽全力 conv.txt,2018_02_28 国际罕见病日：他们活着的每一秒，都在拼尽全力,date_header_with_inline_body,国际罕见病日：他们活着的每一秒，都在拼尽全力 原创：咪蒙 咪蒙 2018-02-28,你可能不知道，很多你觉得非常简单的事，有些人却做不到。 有些人没法睁开眼睛，要用手去撑着眼皮。这是肌张力障碍症。 有些人没法控制自己的声音，会时不时发出奇怪的叫声，这是妥瑞氏症。,148,26.86,21.5
668,03_3人际沟通,2018_03_01 一个地方就能看清，你是在生活，还是在凑合 conv.txt,2018_03_01 一个地方就能看清，你是在生活，还是在凑合,date_header_with_inline_body,一个地方就能看清，你是在生活，还是在凑合 原创：咪蒙 咪蒙 2018-03-01,总有一些不要脸的人，去别人家里玩，发现别人家长得很好看，就特么赖着不走了。 这个人就是我。,72,30.24,26.0
669,03_3人际沟通,2018_03_03 太可怕了，2018年已经过去1_6了 conv.txt,2018_03_03 太可怕了，2018年已经过去1_6了,date_header_with_inline_body,太可怕了，2018年已经过去1/6了 咪蒙 2018-03-03,我2017年的花呗还没还完。,1,13.0,13.0
670,03_3人际沟通,2018_03_03 有一种绝望，叫我！又！忘！记！密！码！了！ conv.txt,2018_03_03 有一种绝望，叫我！又！忘！记！密！码！了！,date_header_with_inline_body,有一种绝望，叫我！又！忘！记！密！码！了！ 世界员工吐槽中心 咪蒙 2018-03-03,你们尝试过绝望吗 就是那种无论你换多简单的密码 但还是记不住的那种……,33,33.0,23.0
671,03_3人际沟通,2018_03_05 有话好好说，bú yào say English conv.txt,2018_03_05 有话好好说，bú yào say English,date_header_with_inline_body,有话好好说，búyàosayEnglish 原创：咪蒙 咪蒙 2018-03-05,书到用时方恨少。 尤其在一些重大场合，比如，围观八卦的时候。,85,30.76,25.0
672,03_3人际沟通,2018_03_08 我一直相信人生没有过不去的坎 conv.txt,2018_03_08 我一直相信人生没有过不去的坎,date_header_with_inline_body,我一直相信人生没有过不去的坎 麦一十 咪蒙 2018-03-08,直到我看到财务自由的门槛！,1,12.0,12.0
673,03_3人际沟通,2018_03_08 有些年轻人，除了年轻，什么也没有 conv.txt,2018_03_08 有些年轻人，除了年轻，什么也没有,date_header_with_inline_body,有些年轻人，除了年轻，什么也没有 原创：咪蒙 咪蒙 2018-03-08,很久没有见过这么讨！厌！的女人了。 前两天在一个聚会上，大家在聊天，一个爆炸头女生，全程只干了一件事：抬！杠！,93,26.31,23.0
674,03_3人际沟通,2018_03_12 外国人不想离开中国的9个瞬间，竟然是因为…… conv.txt,2018_03_12 外国人不想离开中国的9个瞬间，竟然是因为……,date_header_with_inline_body,外国人不想离开中国的9个瞬间，竟然是因为…… 原创：咪蒙 咪蒙 2018-03-12,我想跟我的外国朋友绝交！ （不要质疑我为什么有外国朋友，我们本无缘分，全靠比手画脚在死撑。）这是前一段时间我跟她出去的状态。 左边冷漠的是我，右边疯了的是她。,69,30.1,25.0
675,03_3人际沟通,2018_03_13 你不喜欢我？那请你好好反省一下！ conv.txt,2018_03_13 你不喜欢我？那请你好好反省一下！,date_header_with_inline_body,你不喜欢我？那请你好好反省一下！ 原创：咪蒙 咪蒙 2018-03-13,人生中总有一些时刻，让你觉得自己是个傻逼。 我一朋友，天生的讨好型人格，对任何人都特别好。人家都说姑嫂关系很难处，可她对她小姑子都超级好。 小姑子要拍婚纱照，她挺着七个多月大的肚子，在特别热的大夏天陪她去婚纱店，找了自己朋友的朋友给打了折上折。 因为小姑子是奉子成婚，婚期紧，她又请了婚纱店的一大堆朋友吃饭，帮忙把拍摄日期提前。 她既出了钱，又出了力，结果她小姑子跟别人说，她那么热心地帮着张罗婚纱照的事，绝对有利可图，肯定是和朋友合 作，拿了回扣的。,78,28.78,24.5
676,03_3人际沟通,2018_03_14 她从40岁阿姨变成18岁美少女，只花了一下午 conv.txt,2018_03_14 她从40岁阿姨变成18岁美少女，只花了一下午,date_header_with_inline_body,她从40岁阿姨变成18岁美少女，只花了一下午 原创：咪蒙 咪蒙 2018-03-14,什么时刻，觉得人生很悲剧？ 穿得很挫的时候，遇到男神，很悲剧； 穿得很挫的时候，遇到男神，男神旁边还有女朋友，更悲剧；,81,23.68,20.0
677,03_3人际沟通,2018_03_15 我那个室友，月薪已经多到不可描述了！！！ conv.txt,2018_03_15 我那个室友，月薪已经多到不可描述了！！！,date_header_with_inline_body,我那个室友，月薪已经多到不可描述了！！！ 原创：咪蒙 咪蒙 2018-03-15,给你们讲个恐怖故事。 2018年，很快就过去四分之一了。 1月，你节前躁狂症，屁都没干； 2月，你过节去了，屁都没干； 3月，你节后综合症，依然屁都没干…… 整整3个月，就这么白白被你荒废了。 惊不惊喜？刺不刺激？后不后悔？,62,24.55,18.5
678,03_3人际沟通,2018_03_16 震惊！咪蒙居然要求她的粉丝做这种事！ conv.txt,2018_03_16 震惊！咪蒙居然要求她的粉丝做这种事！,date_header_with_inline_body,震惊！咪蒙居然要求她的粉丝做这种事！ 原创：咪蒙 咪蒙 2018-03-16,想不想跟我在同一个微信群？ 想不想看我直播，表演胸口碎大石？ 什么，不想？ 哼，那你一定没有说实话。,30,41.97,35.0
679,03_3人际沟通,2018_03_19 今年，我出现在我妈朋友圈里，157次！ conv.txt,2018_03_19 今年，我出现在我妈朋友圈里，157次！,date_header_with_inline_body,今年，我出现在我妈朋友圈里，157次！ 原创：pp+麦一十 咪蒙 2018-03-19,晒娃的人太讨厌了！！！ 尤其是我妈！！,61,25.64,21.0
680,03_3人际沟通,2018_03_26 别人自拍拼的是脸，我自拍拼的是命！ conv.txt,2018_03_26 别人自拍拼的是脸，我自拍拼的是命！,date_header_with_inline_body,别人自拍拼的是脸，我自拍拼的是命！ 原创：咪蒙 咪蒙 2018-03-26,由于一些物理上的特殊原因，我很少发自拍（黄小污：什么物理原因，不就是脸大吗？？？）。 但是，最近我看了一组自拍，相当震惊，深感自己不够努力！！,47,24.28,24.0
681,03_3人际沟通,2018_03_27 做到这5点，让马云主动加你好友 conv.txt,2018_03_27 做到这5点，让马云主动加你好友,date_header_with_inline_body,做到这5点，让马云主动加你好友 原创：咪蒙 咪蒙 2018-03-27,尴尬了。 我在朋友群里说，我想深度采访专车司机，有人认识吗。,87,27.95,24.0
683,03_3人际沟通,2018_04_11 上天给了我一张脸，就是用来P的！ conv.txt,2018_04_11 上天给了我一张脸，就是用来P的！,date_header_with_inline_body,上天给了我一张脸，就是用来P的！ 原创：咪蒙 咪蒙 2018-04-11,我有一个朋友，她在社交网络中的自己跟现实中的自己，简直是两个人。 这是她发在朋友圈的自拍：,12,30.0,23.5
684,03_3人际沟通,2018_04_12 _我最大的中年危机是：上有老，下有猫_ conv.txt,2018_04_12 _我最大的中年危机是：上有老，下有猫_,date_header_with_inline_body,“我最大的中年危机是：上有老，下有猫” 咪蒙+琪晓马 咪蒙 2018-04-12,养猫之前，我以为我的身份又尊贵了一些，毕竟我是有猫可炫耀的人。 养猫以后，才发现，我自己连人都不是了，每天就是被猫虐虐虐虐虐。 我身边的铲屎官都很有同感，强烈要求我代表人民群众发声，控诉这些喵星人。 所以，今天尊重民意，来了一场对喵星人的吐槽大会。,5,26.8,30.0
685,03_3人际沟通,2018_04_17 和1万人尬聊后，我总结了这11条聊天技巧 conv.txt,2018_04_17 和1万人尬聊后，我总结了这11条聊天技巧,date_header_with_inline_body,和1万人尬聊后，我总结了这11条聊天技巧 原创：咪蒙 咪蒙 2018-04-17,你是不是很怕尬聊？ 你是不是更怕在必须尬聊的环境里，尬聊？ 以下哪种场景，你最想死？,95,24.98,19.0
686,03_3人际沟通,2018_04_18 隐形贫困人口：买6000块的包包，抢6.6的外卖红包 conv.txt,2018_04_18 隐形贫困人口：买6000块的包包，抢6.6的外卖红包,date_header_with_inline_body,隐形贫困人口：买6000块的包包，抢6.6的外卖红包 咪蒙 咪蒙 2018-04-18,最近网上流行一个概念：,8,30.75,28.5
687,03_3人际沟通,2018_04_23 我是如何一秒内决定做他女朋友的！！ conv.txt,2018_04_23 我是如何一秒内决定做他女朋友的！！,date_header_with_inline_body,我是如何一秒内决定做他女朋友的！！ 原创：咪蒙 咪蒙 2018-04-23,这是我们的粉丝和一个网友见面之前的对话：,36,33.22,28.5
688,03_3人际沟通,2018_04_25 你敢找我做这事，我就敢拉黑你！！ conv.txt,2018_04_25 你敢找我做这事，我就敢拉黑你！！,date_header_with_inline_body,你敢找我做这事，我就敢拉黑你！！ 咪蒙 咪蒙 2018-04-25,本文编辑：任小葱可可意晴张花花阿徐 插画：vlight特别鸣谢：张静思,1,35.0,35.0
689,03_3人际沟通,2018_04_25 其实，你没你想象的那么在乎朋友！ conv.txt,2018_04_25 其实，你没你想象的那么在乎朋友！,date_header_with_inline_body,其实，你没你想象的那么在乎朋友！ 原创：咪蒙 咪蒙 2018-04-25,微信上有人说，咪蒙，你在吗。 我心里咯噔一下。 她是我大学同学，我们玩得特别好。 一起逃过课，一起跟男生表白，一起被拒绝。,92,18.48,18.0
690,03_3人际沟通,2018_04_28 今天的推送，会动！ conv.txt,2018_04_28 今天的推送，会动！,date_header_with_inline_body,:咪蒙2018-04-28,别让我见到你，否则见一次喜欢一次。,2,12.0,12.0
691,03_3人际沟通,2018_05_04 青春就是又羞耻又甜甜甜甜甜甜甜甜 conv.txt,2018_05_04 青春就是又羞耻又甜甜甜甜甜甜甜甜,date_header_with_inline_body,青春就是又羞耻又甜甜甜甜甜甜甜甜 原创：咪蒙 咪蒙 2018-05-04,看到街头两个中学生在腻腻歪歪。 想到我读中学的时候，也是这样。 看着别的中学生腻腻歪歪。,79,24.68,22.0
692,03_3人际沟通,2018_05_06 创造101：因为老娘想赢，所以你们都得输！ conv.txt,2018_05_06 创造101：因为老娘想赢，所以你们都得输！,date_header_with_inline_body,创造101：因为老娘想赢，所以你们都得输！ 原创：咪蒙 咪蒙 2018-05-06,天啊。我们公司有派系斗争了。 有人支持Yamy； 有人支持强东玥； 还有人支持蜜蜂少女金华火腿团……,83,21.87,18.0
693,03_3人际沟通,2018_05_08 我妈对我是秒回，我对我妈是忘了回 conv.txt,2018_05_08 我妈对我是秒回，我对我妈是忘了回,date_header_with_inline_body,我妈对我是秒回，我对我妈是忘了回 原创：咪蒙 咪蒙 2018-05-08,我真的不是个东西。 母亲节快到了，我突然想起，好久没跟我妈联系了。,81,21.43,21.0
694,03_3人际沟通,2018_05_15 _挨了两刀后，我妈都不认识我了_ conv.txt,2018_05_15 _挨了两刀后，我妈都不认识我了_,date_header_with_inline_body,“挨了两刀后，我妈都不认识我了” 原创：咪蒙 咪蒙 2018-05-15,恐怖！ 今天我朋友发现了手机的一个大BUG，她的人脸识别出现了这样的情况：,20,21.2,18.5
695,03_3人际沟通,2018_05_16 抖音小哥哥有多帅，我男朋友就有多丑 conv.txt,2018_05_16 抖音小哥哥有多帅，我男朋友就有多丑,date_header_with_inline_body,抖音小哥哥有多帅，我男朋友就有多丑 原创：咪蒙 咪蒙 2018-05-16,噩耗！ 之前我写过《我是如何成功地把一家公司开垮的》。,17,24.88,24.0
696,03_3人际沟通,2018_05_18 不想改变的人，有10000个理由原地踏步 conv.txt,2018_05_18 不想改变的人，有10000个理由原地踏步,date_header_with_inline_body,不想改变的人，有10000个理由原地踏步 原创：咪蒙 咪蒙 2018-05-18,我想骂人。 我的一个朋友，已经第103次微信问我，她要不要辞职。 距离她上一次问我，已经是两年前的事了。,102,21.78,20.0
697,03_3人际沟通,2018_05_21 太丑了，我妈说要打哭他…… conv.txt,2018_05_21 太丑了，我妈说要打哭他……,date_header_with_inline_body,太丑了，我妈说要打哭他…… 原创：咪蒙 咪蒙 2018-05-21,观众朋友们，大家晚上好。 欢迎收看大型娱乐竞技类节目《偶像练习猫》！！,32,24.59,21.5
698,03_3人际沟通,2018_05_22 朋友圈的戏精，你们消停会儿行吗？！ conv.txt,2018_05_22 朋友圈的戏精，你们消停会儿行吗？！,date_header_with_inline_body,朋友圈的戏精，你们消停会儿行吗？！ 咪蒙 咪蒙 2018-05-22,本文编辑：麦一十杨小旦段振宇诺小喵版式：孟桃花,1,23.0,23.0
699,03_3人际沟通,2018_05_25 喜欢你，喜欢到想给你打钱 conv.txt,2018_05_25 喜欢你，喜欢到想给你打钱,date_header_with_inline_body,喜欢你，喜欢到想给你打钱 原创：咪蒙 咪蒙 2018-05-25,我酗酒的事，大家都知道了。 上次跟同事们喝酒聊天，聊到暗恋…… 我才发现，原来每个人，都暗戳戳地喜欢过一个人。,18,21.39,19.0
700,03_3人际沟通,2018_05_29 _你一点没变啊！_ _你骂谁呢_ conv.txt,2018_05_29 _你一点没变啊！_ _你骂谁呢_,date_header_with_inline_body,“你一点没变啊！”“你骂谁呢” 原创：咪蒙 咪蒙 2018-05-29,说实话吧，老子今天根本不想写稿。 我必须要做点什么，让自己有点灵感。 于是，我去换了双新鞋。 我这么做，是有科学依据的。,78,19.86,16.5
701,03_3人际沟通,2018_05_30 你越讨厌我，我笑得越大声 conv.txt,2018_05_30 你越讨厌我，我笑得越大声,date_header_with_inline_body,你越讨厌我，我笑得越大声 原创：咪蒙 咪蒙 2018-05-30,前两天我又上微博热搜了。 我还以为是小学的时候拾金不昧的事，被大家知道了。 哎，没想到，又是被骂上热搜的。 怎么说呢，我内心毫无波澜，甚至有点想吃烤冷面。 总有人问我，为什么同时被几万人骂，还无所谓爱谁谁呢。 大概是因为我耳聋超级自信吧。,86,22.84,19.0
702,03_3人际沟通,2018_06_05 你的每次逃避，都要双倍偿还 conv.txt,2018_06_05 你的每次逃避，都要双倍偿还,date_header_with_inline_body,你的每次逃避，都要双倍偿还 原创：咪蒙 咪蒙 2018-06-05,如果说，哪件事，我一直坚持得很好。 那就是坚持逃避（黄小污在旁边吐槽，哎哟，您还挺骄傲的）。,72,26.93,17.5
703,03_3人际沟通,2018_06_10 你们这些人，凭什么骂杨超越？！ conv.txt,2018_06_10 你们这些人，凭什么骂杨超越？！,date_header_with_inline_body,你们这些人，凭什么骂杨超越？！ 杨乐多+咪蒙 咪蒙 2018-06-10,凭 我们 有正！ 义！ 感！,115,18.44,17.0
704,03_3人际沟通,2018_06_10 你男神被别人抢了？活该！ conv.txt,2018_06_10 你男神被别人抢了？活该！,date_header_with_inline_body,你男神被别人抢了？活该！ 原创：咪蒙 咪蒙 2018-06-10,同事的男朋友被一个女生抢了。 据说是一个撩汉高手。 我觉得那个女的超可恨，想打她。 但是，我后来听说，这个女生是个学院派撩汉高手。,75,23.87,17.0
705,03_3人际沟通,2018_06_12 男朋友劝我整容，我劝他滚！ conv.txt,2018_06_12 男朋友劝我整容，我劝他滚！,date_header_with_inline_body,男朋友劝我整容，我劝他滚！ 原创：咪蒙 咪蒙 2018-06-12,骇 触  瞠 人 目  目 听 惊  结 闻 心  舌！ ！  ！ 到底发生了什么？ 听我慢慢讲：,17,26.82,27.0
706,03_3人际沟通,2018_06_14 那个40岁的老阿姨，是95年的！！ conv.txt,2018_06_14 那个40岁的老阿姨，是95年的！！,date_header_with_inline_body,那个40岁的老阿姨，是95年的！！ 原创：咪蒙 咪蒙 2018-06-14,最近一直在加班。 身体在崩溃的边缘来回试探。 写稿也力不从心了。,58,23.12,21.5
707,03_3人际沟通,2018_06_15 世界杯撩汉秘籍，6招搞定男神！ conv.txt,2018_06_15 世界杯撩汉秘籍，6招搞定男神！,date_header_with_inline_body,世界杯撩汉秘籍，6招搞定男神！ 原创：小葱咪蒙 咪蒙 2018-06-15,如果撩汉也有时机， 那世界杯绝对是最佳时机。,96,19.03,17.0
708,03_3人际沟通,2018_06_25 那些情商高的人，为什么都不快乐？ conv.txt,2018_06_25 那些情商高的人，为什么都不快乐？,date_header_with_inline_body,那些情商高的人，为什么都不快乐？ 原创：咪蒙 咪蒙 2018-06-25,我一个好朋友，是公认情商特别高的人。 每次聚会只要有她在，肯定超开心！ 不过前段时间，她工作太累了，每天只睡4个小时，心悸，耳鸣……,94,25.37,21.0
709,03_3人际沟通,2018_07_02 明人不说暗话，我不爽你！ conv.txt,2018_07_02 明人不说暗话，我不爽你！,date_header_with_inline_body,明人不说暗话，我不爽你！ 原创：咪蒙 咪蒙 2018-07-02,有的东西，还是小一点好。 我说的是习惯。,109,22.95,22.0
710,03_3人际沟通,2018_07_05 这件事，只用10秒，却影响了我一辈子 conv.txt,2018_07_05 这件事，只用10秒，却影响了我一辈子,date_header_with_inline_body,这件事，只用10秒，却影响了我一辈子 原创：咪蒙 咪蒙 2018-07-05,上班时间，同事嚎啕大哭。 因为手机丢了。,97,24.37,21.0
711,03_3人际沟通,2018_07_06 厕所，是成年人的避难所 conv.txt,2018_07_06 厕所，是成年人的避难所,date_header_with_inline_body,厕所，是成年人的避难所 咪蒙 2018-07-06,搞个大新闻！ 今天的文章可以减肥……,15,17.07,17.0
712,03_3人际沟通,2018_07_10 当年QQ空间的杀马特，现在是朋友圈女神！ conv.txt,2018_07_10 当年QQ空间的杀马特，现在是朋友圈女神！,date_header_with_inline_body,当年QQ空间的杀马特，现在是朋友圈女神！ 原创：咪蒙 咪蒙 2018-07-10,你是不是也有这样一个相册？ 里面是青春时期的非主流记忆： 狂放不羁的长发，吊儿郎当的衣服，明媚忧伤的签名。,35,22.4,19.0
713,03_3人际沟通,2018_07_15 有一种日常恐惧，叫突然有人@你！ conv.txt,2018_07_15 有一种日常恐惧，叫突然有人@你！,date_header_with_inline_body,有一种日常恐惧，叫突然有人@你！ 原创：意晴 咪蒙 2018-07-15,7%的现代人，做爱的时候都要看手机。 我怀疑这个数据不真实。 不可能只有7%。,60,21.8,22.0
714,03_3人际沟通,2018_07_16 人生最紧张的时刻：对方正在输入…… conv.txt,2018_07_16 人生最紧张的时刻：对方正在输入……,date_header_with_inline_body,人生最紧张的时刻：对方正在输入…… 原创：意晴 咪蒙 2018-07-16,昨天我写了《有一种日常恐惧，叫突然有人@你！》 大家都纷纷表示共鸣了。 而其中一条留言，让我扎心了。,88,20.5,18.5
715,03_3人际沟通,2018_07_19 我听过的最大谎言是，你还年轻 conv.txt,2018_07_19 我听过的最大谎言是，你还年轻,date_header_with_inline_body,我听过的最大谎言是，你还年轻 原创：咪蒙 咪蒙 2018-07-19,总有一些理由让我们一再失眠。 对我来说，最近失眠的理由是，我家的猫越长越大，我怀疑它快长成一匹马了。 对我的男同事来说，他失眠的理由是，他第三次被绿了，这次他女朋友出轨，怀了对双胞胎。 对我认识的一个女生来说，她失眠的理由是，她才25岁，却感觉自己不再年轻了。,103,24.29,22.0
716,03_3人际沟通,2018_07_26 新婚那天，我住进了凶宅！ conv.txt,2018_07_26 新婚那天，我住进了凶宅！,date_header_with_inline_body,新婚那天，我住进了凶宅！ 原创：任小葱 咪蒙 2018-07-26,如果有人跟你说，100万的房子，现在50万就能买。 你会买么？ 如果有人说，嫌贵的话，可以再少10万，打4折。 你会买么？,145,20.37,19.0
717,03_3人际沟通,2018_08_02 从丑男到潮男，他们只差一次改造！ conv.txt,2018_08_02 从丑男到潮男，他们只差一次改造！,date_header_with_inline_body,从丑男到潮男，他们只差一次改造！ 原创：咪蒙 咪蒙 2018-08-02,堕落！ 当代年轻人的价值观怎么了！,15,23.87,20.0
718,03_3人际沟通,2018_08_03 男朋友说分手，我竟开心地笑了出来 conv.txt,2018_08_03 男朋友说分手，我竟开心地笑了出来,date_header_with_inline_body,男朋友说分手，我竟开心地笑了出来 原创：麦一十 咪蒙 2018-08-03,世道变了！ 今天，我妈打电话问：你一个人在北京是不是很难？ 我酝酿了一下哭腔说：是，有时候超级苦！ 我妈：你是不是很缺… 心中一喜，是的，是很缺钱！！ 我不能阻止妈妈泛滥的母爱，必须让她肆意流淌起来。 我妈：你是不是很缺鼓励啊！加油哦，宝贝！ 电话挂了，我也差点挂掉！,20,21.1,20.0
719,03_3人际沟通,2018_08_08 买买买，上帝送给女人的止痛药 conv.txt,2018_08_08 买买买，上帝送给女人的止痛药,date_header_with_inline_body,买买买，上帝送给女人的止痛药 原创：咪蒙 咪蒙 2018-08-08,上周，我和一个前同事翻脸了。 她在网上写了一篇爆料文，黑我。 有些料是真的，比如说我爱迟到、爱装x、爱抢同事吃的…… 有些料是假的，假到炸裂。,117,22.68,19.0
720,03_3人际沟通,2018_08_10 那个买了2辆劳斯莱斯的人，是我男朋友！ conv.txt,2018_08_10 那个买了2辆劳斯莱斯的人，是我男朋友！,date_header_with_inline_body,那个买了2辆劳斯莱斯的人，是我男朋友！ 咪蒙 咪蒙 2018-08-10,现在的年轻人太浮躁了！ 动不动就想辞职。,12,23.92,23.0
721,03_3人际沟通,2018_08_22 安慰朋友最有效的方法：打！钱！ conv.txt,2018_08_22 安慰朋友最有效的方法：打！钱！,date_header_with_inline_body,安慰朋友最有效的方法：打！钱！ 原创：咪蒙 咪蒙 2018-08-22,赌5块钱（最近我迷上了跟朋友打赌哇哈哈哈），有件事你绝对不擅长。 那就是安慰别人。 明明一个人在你面前嗷嗷嗷哭成傻x，诉说自己的痛苦。 你看着很难受。,135,21.62,20.0
722,03_3人际沟通,2018_08_26 正义可能会迟到，但报应不会！！ conv.txt,2018_08_26 正义可能会迟到，但报应不会！！,date_header_with_inline_body,正义可能会迟到，但报应不会！！ 咪蒙 2018-08-26,太憋屈了。 最近看到很多糟心的新闻，正义又双叒叕迟到了。 我跟大家的心情一样，非常生气。,6,29.83,21.0
723,03_3人际沟通,2018_09_07 那个不喜欢钱的女生，赚了15个亿！ conv.txt,2018_09_07 那个不喜欢钱的女生，赚了15个亿！,date_header_with_inline_body,那个不喜欢钱的女生，赚了15个亿！ 原创：咪蒙 咪蒙 2018-09-07,上周见一个富豪，他很真诚地跟我分享了他的金钱观。 他说，其实啊，钱不是越多越好…… 你只要迈过一个坎儿，就会发现……,98,26.43,23.0
724,03_3人际沟通,2018_09_11 我的女人，是个大哥！ conv.txt,2018_09_11 我的女人，是个大哥！,date_header_with_inline_body,我的女人，是个大哥！ 原创：麦一十 咪蒙 2018-09-11,每一对情侣之间，总有一个人是老大，一个人负责听话。,60,21.52,21.0
725,03_3人际沟通,2018_09_19 你竟然嫉妒你闺蜜？我也是！ conv.txt,2018_09_19 你竟然嫉妒你闺蜜？我也是！,date_header_with_inline_body,你竟然嫉妒你闺蜜？我也是！ 原创：咪蒙 咪蒙 2018-09-19,刷朋友圈，我给朋友点了个赞。 一秒钟之后，我又取消了。 她发的内容是这样的：,97,25.3,19.0
726,03_3人际沟通,2018_09_24 妈耶！一个月饼的热量，居然相当于…… conv.txt,2018_09_24 妈耶！一个月饼的热量，居然相当于……,date_header_with_inline_body,妈耶！一个月饼的热量，居然相当于…… 咪蒙 咪蒙 2018-09-24,月饼皮加月饼馅的热量。,1,10.0,10.0
727,03_3人际沟通,2018_09_26 月薪5万的女人，私生活都是什么样的？ conv.txt,2018_09_26 月薪5万的女人，私生活都是什么样的？,date_header_with_inline_body,月薪5万的女人，私生活都是什么样的？ 原创：咪蒙 咪蒙 2018-09-26,朋友是拿来干嘛的？ 拿来出卖的呀。,100,25.39,20.0
728,03_3人际沟通,2018_10_04 震惊！国庆这样吃，竟然瘦了20斤！ conv.txt,2018_10_04 震惊！国庆这样吃，竟然瘦了20斤！,date_header_with_inline_body,震惊！国庆这样吃，竟然瘦了20斤！ 原创：段振宇 咪蒙 2018-10-04,每逢佳节胖三斤。国庆除外，得胖十斤。 朋友深受困扰，跑来跟我讨教： “聚餐的时候，你抢肉抢得最凶，你不怕胖啊？还是有啥秘诀？” 秘诀？还真有。 我悉心整理了二十年来吃出的经验，跟他分享。 结果换来了一顿暴揍。,38,19.89,20.0
730,03_3人际沟通,2018_10_07 有1件事，比明天上班还要可怕！！！ conv.txt,2018_10_07 有1件事，比明天上班还要可怕！！！,date_header_with_inline_body,有1件事，比明天上班还要可怕！！！ 原创：麦一十 咪蒙 2018-10-07,国庆七天乐，最后一天，你还乐得出来吗？ 反正我是乐不出来，明天就要上班。 最主要的是，我发现最近有人在视奸我的生活，可怕！ 下面是网上的一张图。,22,16.73,12.5
731,03_3人际沟通,2018_10_11 全球股市大跌，资本市场动荡，最终受益者竟然是...... conv.txt,2018_10_11 全球股市大跌，资本市场动荡，最终受益者竟然是......,date_header_with_inline_body,全球股市大跌，资本市场动荡，最终受益者竟然是...... 段振宇 咪蒙 2018-10-11,没钱炒股的我。,1,6.0,6.0
732,03_3人际沟通,2018_10_12 说实话，1万块也买不了戴森卷发棒 conv.txt,2018_10_12 说实话，1万块也买不了戴森卷发棒,date_header_with_inline_body,说实话，1万块也买不了戴森卷发棒 咪蒙 咪蒙 2018-10-12,光植发， 你就得花好几万！,1,12.0,12.0
733,03_3人际沟通,2018_10_15 无数次想说_关我屁事_，都说了_没事_！ conv.txt,2018_10_15 无数次想说_关我屁事_，都说了_没事_！,date_header_with_inline_body,无数次想说“关我屁事”，都说了“没事”！ 原创：咪蒙 咪蒙 2018-10-15,今天我的同事可可，穿了一件巨丑的衣服来上班！ 遭到了整个办公室的疯狂嘲笑，哈哈哈哈哈哈！ 有多丑呢？,150,18.01,15.0
734,03_3人际沟通,2018_10_18 那个富二代，暗恋了她20多年！ conv.txt,2018_10_18 那个富二代，暗恋了她20多年！,date_header_standalone_line,那个富二代，暗恋了她20多年！ 原创：咪蒙 咪蒙 2018-10-18,,118,19.86,18.0
735,03_3人际沟通,2018_10_19 成年人，一年总有365天是抑郁的！ conv.txt,2018_10_19 成年人，一年总有365天是抑郁的！,date_header_with_inline_body,成年人，一年总有365天是抑郁的！ 原创：意晴 咪蒙 2018-10-19,今天这篇文章，上周五发过一次，出了些小问题，删了~ 但很多同学留言说喜欢这篇文章，所以做了一些调整，今天重新发～ 答应我，大家像第一次见它那样爱它好吗！,20,23.25,21.5
736,03_3人际沟通,2018_10_23 从保姆逆袭成富婆，她只花了2000块！ conv.txt,2018_10_23 从保姆逆袭成富婆，她只花了2000块！,date_header_with_inline_body,从保姆逆袭成富婆，她只花了2000块！ 原创：咪蒙 咪蒙 2018-10-23,告辞。 我今天不想写稿。 只想花钱。,117,19.76,18.0
737,03_3人际沟通,2018_10_31 金庸&李咏：成长，就是失去熟悉的一切！ conv.txt,2018_10_31 金庸&李咏：成长，就是失去熟悉的一切！,date_header_with_inline_body,金庸&李咏：成长，就是失去熟悉的一切！ 原创：莉莉雅 咪蒙 2018-10-31,10月25日，李咏先生因为癌症去世了，他经过了17个月的抗癌治疗，没能撑过去。,63,32.7,27.0
738,03_3人际沟通,2018_11_01 我花了10年，才成为了亿万富豪的儿子 conv.txt,2018_11_01 我花了10年，才成为了亿万富豪的儿子,date_header_with_inline_body,我花了10年，才成为了亿万富豪的儿子 原创：麦一十+段振宇 咪蒙 2018-11-01,不瞒你说，我最近可能被人盯上了。 好像有人在偷偷观察我。 因为下面这张图，说的可不就是我？？？,22,21.91,17.5
739,03_3人际沟通,2018_11_07 半夜，那个富豪发这种朋友圈…… conv.txt,2018_11_07 半夜，那个富豪发这种朋友圈……,date_header_with_inline_body,半夜，那个富豪发这种朋友圈…… 原创：意晴 咪蒙 2018-11-07,前段时间，半夜刷朋友圈，吓了一跳。 好友Spenser转发了一首歌，配文是： “Idon'twannabealive”。 “不想活了。”,104,17.93,16.0
740,03_3人际沟通,2018_11_07 每个脱发青年，都为这件事拼过命！ conv.txt,2018_11_07 每个脱发青年，都为这件事拼过命！,date_header_with_inline_body,每个脱发青年，都为这件事拼过命！ 原创：咪蒙 咪蒙 2018-11-07,被生活连续虐待是什么体验？ 我朋友小嫱，可以说是很有发言权了。,127,25.28,21.0
741,03_3人际沟通,2018_11_11 大家都是人，凭什么他26岁就喜提3亿！！ conv.txt,2018_11_11 大家都是人，凭什么他26岁就喜提3亿！！,date_header_with_inline_body,大家都是人，凭什么他26岁就喜提3亿！！ 原创：咪蒙 咪蒙 2018-11-11,双十一，你是不是举着手机，守着购物车蹲到半夜！ 我也是！ 可是一到12点，我的淘宝瞬间卡成这个界面。,102,22.5,18.0
742,03_3人际沟通,2018_11_20 周一围 _ 对老婆的态度，就是一个男人的人品！ conv.txt,2018_11_20 周一围 _ 对老婆的态度，就是一个男人的人品！,date_header_with_inline_body,周一围|对老婆的态度，就是一个男人的人品！ 原创：咪蒙 咪蒙 2018-11-20,一个男人可以让老婆有多尴尬？ 这事周一围挺擅长。 之前看《我不是药神》，我第一次get到他的帅。 这两天看了他很多新闻和言论，瞬间觉得他丑爆了。,93,25.23,21.0
743,03_3人际沟通,2018_11_23 这种事，多1秒钟都不能忍！ conv.txt,2018_11_23 这种事，多1秒钟都不能忍！,date_header_with_inline_body,这种事，多1秒钟都不能忍！ 原创：咪蒙 咪蒙 2018-11-23,昨天我们请了粉丝来公司玩。 问到大家，最近的烦恼是什么，大家都说，是每周都有那么7天不想上班。 当时我说，有点共鸣。,36,18.69,16.5
744,03_3人际沟通,2018_11_26 转发了2018条锦鲤，我还是过不好2018年 conv.txt,2018_11_26 转发了2018条锦鲤，我还是过不好2018年,date_header_with_inline_body,转发了2018条锦鲤，我还是过不好2018年 麦一十 咪蒙 2018-11-26,不太温馨的提示。 2018年已经过了：,15,17.87,18.0
745,03_3人际沟通,2018_12_03 半夜点外卖，我收到了一个男朋友... conv.txt,2018_12_03 半夜点外卖，我收到了一个男朋友...,date_header_with_inline_body,半夜点外卖，我收到了一个男朋友... 原创：咪蒙 咪蒙 2018-12-03,我才发现，点外卖这件事上，我和很多人也是有代沟的。 这是我的外卖常用备注：,22,17.5,16.5
746,03_3人际沟通,2018_12_06 我花了24.9，成功泡到了男神！！！ conv.txt,2018_12_06 我花了24.9，成功泡到了男神！！！,date_header_with_inline_body,我花了24.9，成功泡到了男神！！！ 原创：咪蒙 咪蒙 2018-12-06,朋友甩给我一张聊天截图，问我，她是不是太怂了！,136,19.21,16.0
747,03_3人际沟通,2018_12_07 参加同学会，我靠这个赢了白富美！ conv.txt,2018_12_07 参加同学会，我靠这个赢了白富美！,date_header_with_inline_body,参加同学会，我靠这个赢了白富美！ 原创：咪蒙 咪蒙 2018-12-07,别人刷抖音，想笑，我同事色色刷抖音，想哭。 她刷到了一个视频，是东极岛的日出。 她愣了。,130,18.68,18.0
748,03_3人际沟通,2018_12_10 我18岁，可能一辈子都感觉不到大姨妈了…… conv.txt,2018_12_10 我18岁，可能一辈子都感觉不到大姨妈了……,date_header_with_inline_body,我18岁，可能一辈子都感觉不到大姨妈了…… 原创：咪蒙 咪蒙 2018-12-10,太霸气了！ 我和朋友小辛吃成都串串香，她戴着一顶鸭舌帽，和我吐槽。 前几天小辛去剪刘海，她特别强调，稍微剪短一点点就好。 结果，她摘下眼镜后，一闭眼一睁眼。 发现刘海就像被狗咬过一样，长短不齐。 她真的想死了。。。,59,22.68,20.0
749,03_3人际沟通,2019_01_08 我想花700万，买个真朋友！ conv.txt,2019_01_08 我想花700万，买个真朋友！,date_header_with_inline_body,我想花700万，买个真朋友！ 原创：咪蒙 咪蒙 1月8日,今天，支付宝年度账单出炉，我在朋友圈刷到有人晒他的账单。,142,22.99,19.0
750,03_3人际沟通,2019_01_09 说来惭愧，我买名牌包包全是被逼的！ conv.txt,2019_01_09 说来惭愧，我买名牌包包全是被逼的！,date_header_with_inline_body,说来惭愧，我买名牌包包全是被逼的！ 原创：麦一十 咪蒙 1月9日,前几天在微博上看到一句话：,79,25.27,22.0
751,03_3人际沟通,2019_01_18 每到过年，我就假装自己是处女 conv.txt,2019_01_18 每到过年，我就假装自己是处女,date_header_with_inline_body,每到过年，我就假装自己是处女 原创：咪蒙 咪蒙 1月18日,什么时候，我们最虚伪，最人格分裂？ 过年。 每次过年回家，我们就展开了大型装纯。,80,24.02,18.0
752,03_3人际沟通,2019_01_22 想想都可怕，我骗了自己20多年！ conv.txt,2019_01_22 想想都可怕，我骗了自己20多年！,date_header_with_inline_body,想想都可怕，我骗了自己20多年！ 原创：咪蒙 咪蒙 1周前,为什么我们越来越喜欢发微信，不喜欢打电话了？ 因为发微信，才可以装没事啊！ 丧到不行，也可以打出哈哈哈哈哈。,96,22.36,21.0
753,03_3人际沟通,2019_01_22 现代人的秘密，都藏在手机备忘录里 conv.txt,2019_01_22 现代人的秘密，都藏在手机备忘录里,date_header_with_inline_body,现代人的秘密，都藏在手机备忘录里 原创：黄经天 咪蒙 1周前,现代人的秘密，都藏在手机备忘录里。 你的备忘录里，有什么不可告人的秘密呢？,40,21.65,22.0
754,04_4亲子育儿,2015_10_28 连陪孩子的时间都没有，你成功个屁啊 conv.txt,2015_10_28 连陪孩子的时间都没有，你成功个屁啊,date_header_standalone_line,连陪孩子的时间都没有，你成功个屁啊 咪蒙 2015-10-28,,61,50.3,44.0
755,04_4亲子育儿,2015_11_16 告诉孩子，野蛮是一口吐向天空的痰 conv.txt,2015_11_16 告诉孩子，野蛮是一口吐向天空的痰,date_header_standalone_line,告诉孩子，野蛮是一口吐向天空的痰 原创：咪蒙 咪蒙 2015-11-16,,59,33.29,30.0
756,04_4亲子育儿,2015_11_25 过度谈论自己的孩子，就是没修养 conv.txt,2015_11_25 过度谈论自己的孩子，就是没修养,date_header_standalone_line,过度谈论自己的孩子，就是没修养 咪蒙 2015-11-25,,79,35.78,24.0
757,04_4亲子育儿,2015_11_29 80本最棒的幼儿绘本推荐 conv.txt,2015_11_29 80本最棒的幼儿绘本推荐,date_header_standalone_line,80本最棒的幼儿绘本推荐 原创：咪蒙 咪蒙 2015-11-29,,400,38.81,31.0
758,04_4亲子育儿,2015_12_17 很抱歉，我只对我喜欢的人善良 conv.txt,2015_12_17 很抱歉，我只对我喜欢的人善良,date_header_standalone_line,很抱歉，我只对我喜欢的人善良 原创：咪蒙 咪蒙 2015-12-17,,124,19.36,16.5
759,04_4亲子育儿,2015_12_22 是的，我更喜欢努力的自己 conv.txt,2015_12_22 是的，我更喜欢努力的自己,date_header_standalone_line,是的，我更喜欢努力的自己 原创：咪蒙 咪蒙 2015-12-22,,131,20.41,19.0
760,04_4亲子育儿,2015_12_29 我们得成功点，才敢让孩子可以不成功 conv.txt,2015_12_29 我们得成功点，才敢让孩子可以不成功,date_header_standalone_line,我们得成功点，才敢让孩子可以不成功 原创：咪蒙 咪蒙 2015-12-29,,76,20.13,15.5
761,04_4亲子育儿,2016_01_11 你和另一半吵架，给孩子道歉了吗？ conv.txt,2016_01_11 你和另一半吵架，给孩子道歉了吗？,date_header_with_inline_body,你和另一半吵架，给孩子道歉了吗？ 原创：咪蒙 咪蒙 2016-01-11,(白芳圆作品） “孩子每天都活在争吵当中，会否定爱、否定自己、否定人性。”,66,34.74,33.5
762,04_4亲子育儿,2016_01_18 你知道父母有多盼望我们过年回家吗 conv.txt,2016_01_18 你知道父母有多盼望我们过年回家吗,date_header_standalone_line,你知道父母有多盼望我们过年回家吗 咪蒙 2016-01-18,,107,20.79,16.0
763,04_4亲子育儿,2016_02_01 20套最棒的幼儿科普书推荐（免费送书哦） conv.txt,2016_02_01 20套最棒的幼儿科普书推荐（免费送书哦）,date_header_standalone_line,20套最棒的幼儿科普书推荐（免费送书哦） 原创：咪蒙 咪蒙 2016-02-01,,94,44.81,32.5
764,04_4亲子育儿,2016_03_28 为什么丢三落四的女孩最好命？ conv.txt,2016_03_28 为什么丢三落四的女孩最好命？,date_header_standalone_line,为什么丢三落四的女孩最好命？ 原创：咪蒙 咪蒙 2016-03-28,,93,25.87,22.0
765,04_4亲子育儿,2016_04_25 高考前你最拼的时候，拼到什么程度？ conv.txt,2016_04_25 高考前你最拼的时候，拼到什么程度？,date_header_standalone_line,高考前你最拼的时候，拼到什么程度？ 原创：咪蒙 咪蒙 2016-04-25,,120,37.84,34.0
766,04_4亲子育儿,2016_05_04 我这么努力，就是为了配得上你 conv.txt,2016_05_04 我这么努力，就是为了配得上你,date_header_standalone_line,我这么努力，就是为了配得上你 原创：咪蒙 咪蒙 2016-05-04,,109,25.81,22.0
767,04_4亲子育儿,2016_05_09 _爸爸你再不陪我，我就长大了_ conv.txt,2016_05_09 _爸爸你再不陪我，我就长大了_,date_header_standalone_line,“爸爸你再不陪我，我就长大了” 原创：咪蒙 咪蒙 2016-05-09,,77,36.88,30.0
768,04_4亲子育儿,2016_05_23 我为什么让孩子从1岁半开始学英语？ conv.txt,2016_05_23 我为什么让孩子从1岁半开始学英语？,date_header_standalone_line,我为什么让孩子从1岁半开始学英语？ 原创：咪蒙 咪蒙 2016-05-23,,61,29.43,24.0
769,04_4亲子育儿,2016_05_31 要孩子学习，还是要孩子快乐？老子都要！ conv.txt,2016_05_31 要孩子学习，还是要孩子快乐？老子都要！,date_header_standalone_line,要孩子学习，还是要孩子快乐？老子都要！ 原创：咪蒙 咪蒙 2016-05-31,,67,32.36,22.0
770,04_4亲子育儿,2016_06_15 逼死所有的医生，我们就得救了吗？ conv.txt,2016_06_15 逼死所有的医生，我们就得救了吗？,date_header_standalone_line,逼死所有的医生，我们就得救了吗？ 原创：咪蒙 咪蒙 2016-06-15,,109,29.95,26.0
771,04_4亲子育儿,2016_06_17 让孩子完成你的梦想，你干嘛去了_ conv.txt,2016_06_17 让孩子完成你的梦想，你干嘛去了_,date_header_standalone_line,让孩子完成你的梦想，你干嘛去了? 原创：咪蒙 咪蒙 2016-06-17,,66,32.18,27.5
772,04_4亲子育儿,2016_06_21 你对我妈那么渣，你算什么好爸爸？！ conv.txt,2016_06_21 你对我妈那么渣，你算什么好爸爸？！,date_header_standalone_line,你对我妈那么渣，你算什么好爸爸？！ 原创：咪蒙 咪蒙 2016-06-21,,97,28.61,24.0
773,04_4亲子育儿,2016_07_20 为什么别人家的孩子那么知书达理？ conv.txt,2016_07_20 为什么别人家的孩子那么知书达理？,date_header_standalone_line,为什么别人家的孩子那么知书达理？ 原创：咪蒙 咪蒙 2016-07-20,,64,32.11,25.0
774,04_4亲子育儿,2016_07_27 父母天天秀恩爱是什么体验 conv.txt,2016_07_27 父母天天秀恩爱是什么体验,date_header_standalone_line,父母天天秀恩爱是什么体验 原创：李瑞清 咪蒙 2016-07-27,,73,22.01,19.0
775,04_4亲子育儿,2016_07_29 愿意陪孩子疯玩的男人，最性感 conv.txt,2016_07_29 愿意陪孩子疯玩的男人，最性感,date_header_standalone_line,愿意陪孩子疯玩的男人，最性感 原创：咪蒙 咪蒙 2016-07-29,,65,30.89,25.0
776,04_4亲子育儿,2016_09_08 青春期的我们，都伤害过一个人 conv.txt,2016_09_08 青春期的我们，都伤害过一个人,date_header_standalone_line,青春期的我们，都伤害过一个人 原创：咪蒙 咪蒙 2016-09-08,,90,31.72,29.0
777,04_4亲子育儿,2016_09_20 我有超能力，这几年才确诊的 conv.txt,2016_09_20 我有超能力，这几年才确诊的,date_header_standalone_line,我有超能力，这几年才确诊的 原创：咪蒙 咪蒙 2016-09-20,,65,31.63,27.0
778,04_4亲子育儿,2016_09_21 为了孩子，所以我要跟你离婚 conv.txt,2016_09_21 为了孩子，所以我要跟你离婚,date_header_standalone_line,为了孩子，所以我要跟你离婚 原创：咪蒙 咪蒙 2016-09-21,,87,30.17,28.0
779,04_4亲子育儿,2016_09_28 有一件很重要的事，越早做越好 conv.txt,2016_09_28 有一件很重要的事，越早做越好,date_header_standalone_line,有一件很重要的事，越早做越好 原创：咪蒙 咪蒙 2016-09-28,,61,36.8,34.0
780,04_4亲子育儿,2016_10_24 养儿防老？明明养女儿才防老！ conv.txt,2016_10_24 养儿防老？明明养女儿才防老！,date_header_standalone_line,养儿防老？明明养女儿才防老！ 原创：咪蒙 咪蒙 2016-10-24,,93,28.8,26.0
781,04_4亲子育儿,2016_10_31 我的妈，好美！ conv.txt,2016_10_31 我的妈，好美！,date_header_standalone_line,我的妈，好美！ 原创：咪蒙 咪蒙 2016-10-31,,52,34.54,25.5
782,04_4亲子育儿,2016_11_11 吃土的我们，好像一条狗啊 conv.txt,2016_11_11 吃土的我们，好像一条狗啊,date_header_standalone_line,吃土的我们，好像一条狗啊 原创：咪蒙+黄经天 咪蒙 2016-11-11,,158,25.31,21.5
783,04_4亲子育儿,2016_11_16 你被父母坑的样子，好好笑 conv.txt,2016_11_16 你被父母坑的样子，好好笑,date_header_standalone_line,你被父母坑的样子，好好笑 原创：咪蒙 咪蒙 2016-11-16,,90,21.01,19.0
784,04_4亲子育儿,2016_12_01 一辈子很长，要和有趣的自己在一起 conv.txt,2016_12_01 一辈子很长，要和有趣的自己在一起,date_header_standalone_line,一辈子很长，要和有趣的自己在一起 原创：咪蒙 咪蒙 2016-12-01,,100,24.55,20.0
785,04_4亲子育儿,2016_12_06 年轻人就要多吃苦？呵呵 conv.txt,2016_12_06 年轻人就要多吃苦？呵呵,date_header_standalone_line,年轻人就要多吃苦？呵呵 原创：咪蒙 咪蒙 2016-12-06,,97,28.36,25.0
786,04_4亲子育儿,2017_01_05 有一种爱叫：你忙吧，妈妈不烦你了 conv.txt,2017_01_05 有一种爱叫：你忙吧，妈妈不烦你了,date_header_standalone_line,有一种爱叫：你忙吧，妈妈不烦你了 原创：咪蒙 咪蒙 2017-01-05,,85,33.12,30.0
787,04_4亲子育儿,2017_01_10 _孩子小，你不能让着点么？__不能_ conv.txt,2017_01_10 _孩子小，你不能让着点么？__不能_,date_header_standalone_line,“孩子小，你不能让着点么？”“不能” 原创：咪蒙 咪蒙 2017-01-10,,82,33.28,26.5
788,04_4亲子育儿,2017_01_19 每次过年回家，3天后就被父母嫌弃了 conv.txt,2017_01_19 每次过年回家，3天后就被父母嫌弃了,date_header_standalone_line,每次过年回家，3天后就被父母嫌弃了 原创：咪蒙 咪蒙 2017-01-19,,85,22.92,21.0
789,04_4亲子育儿,2017_01_24 我们的目标是，不放过一个熊孩子！ conv.txt,2017_01_24 我们的目标是，不放过一个熊孩子！,date_header_standalone_line,我们的目标是，不放过一个熊孩子！ 原创：咪蒙 咪蒙 2017-01-24,,76,22.24,19.5
790,04_4亲子育儿,2017_02_06 _为了报复直男癌，我生了个孩子_ conv.txt,2017_02_06 _为了报复直男癌，我生了个孩子_,date_header_standalone_line,“为了报复直男癌，我生了个孩子” 原创：咪蒙 咪蒙 2017-02-06,,97,32.98,31.0
791,04_4亲子育儿,2017_02_28 最可怕的是，为人父母不需要考试！ conv.txt,2017_02_28 最可怕的是，为人父母不需要考试！,date_header_standalone_line,最可怕的是，为人父母不需要考试！ 原创：咪蒙 咪蒙 2017-02-28,,81,33.0,25.0
792,04_4亲子育儿,2017_03_20 我活成了父母最讨厌的模样 conv.txt,2017_03_20 我活成了父母最讨厌的模样,date_header_standalone_line,我活成了父母最讨厌的模样 原创：咪蒙 咪蒙 2017-03-20,,112,23.83,20.0
793,04_4亲子育儿,2017_04_17 我的第一道童年阴影，是我妈 conv.txt,2017_04_17 我的第一道童年阴影，是我妈,date_header_standalone_line,我的第一道童年阴影，是我妈 原创：咪蒙 咪蒙 2017-04-17,,98,25.95,25.0
794,04_4亲子育儿,2017_04_25 _你看看别人家的孩子！__你看看别人家的妈妈！_ conv.txt,2017_04_25 _你看看别人家的孩子！__你看看别人家的妈妈！_,date_header_standalone_line,“你看看别人家的孩子！”“你看看别人家的妈妈！” 原创：咪蒙 咪蒙 2017-04-25,,88,29.94,26.0
795,04_4亲子育儿,2017_04_28 欺负我的人很多，你算老几 conv.txt,2017_04_28 欺负我的人很多，你算老几,date_header_standalone_line,欺负我的人很多，你算老几 原创：吉跳 咪蒙 2017-04-28,,163,21.92,19.0
796,04_4亲子育儿,2017_05_12 我曾经以为，长大后就不再需要妈妈了 conv.txt,2017_05_12 我曾经以为，长大后就不再需要妈妈了,date_header_standalone_line,我曾经以为，长大后就不再需要妈妈了 原创：咪蒙 咪蒙 2017-05-12,,98,24.52,22.5
797,04_4亲子育儿,2017_05_14 我怀疑我有一个假妈妈 conv.txt,2017_05_14 我怀疑我有一个假妈妈,date_header_standalone_line,我怀疑我有一个假妈妈 原创：咪蒙 咪蒙 2017-05-14,,67,25.37,24.0
798,04_4亲子育儿,2017_05_21 把孩子的玩具随手送给别人，你知道后果有多严重吗？！ conv.txt,2017_05_21 把孩子的玩具随手送给别人，你知道后果有多严重吗？！,date_header_standalone_line,把孩子的玩具随手送给别人，你知道后果有多严重吗？！ 原创：咪蒙 咪蒙 2017-05-21,,82,29.72,24.0
799,04_4亲子育儿,2017_05_30 别人吃是为了活着，我活着是为了吃 conv.txt,2017_05_30 别人吃是为了活着，我活着是为了吃,date_header_standalone_line,别人吃是为了活着，我活着是为了吃 原创：咪蒙 咪蒙 2017-05-30,,44,27.61,23.5
800,04_4亲子育儿,2017_06_06 致高考生：考神与你同在 conv.txt,2017_06_06 致高考生：考神与你同在,date_header_standalone_line,致高考生：考神与你同在 原创：咪蒙 咪蒙 2017-06-06,,58,26.81,22.0
801,04_4亲子育儿,2017_07_19 我的一生，是被父母嫌弃的一生 conv.txt,2017_07_19 我的一生，是被父母嫌弃的一生,date_header_with_inline_body,我的一生，是被父母嫌弃的一生 原创：咪蒙 咪蒙 2017-07-19,前段时间我们四川有个男生，高考后自杀了，遗书里写着，我的尸体要么烧了，要么扔了，别把我带回家！ 他和父母有什么深仇大恨吗？,126,26.1,22.5
802,04_4亲子育儿,2017_07_24 _你嫌性教育太早，强奸犯不会嫌你孩子太小_ conv.txt,2017_07_24 _你嫌性教育太早，强奸犯不会嫌你孩子太小_,date_header_with_inline_body,“你嫌性教育太早，强奸犯不会嫌你孩子太小” 原创：咪蒙 咪蒙 2017-07-24,宁波，16个月大的女婴，被50多岁的老头性侵了。 是的，你没看错，16个月，才1岁零4个月。 事发后，受害女婴的尿不湿上全是血，触目惊心…… 医生检查后发现，女婴的阴道后壁和会阴体的撕裂非常严重…… 强奸犯是女婴妈妈的熟人，跟她在同一个菜市场里做生意的。 他经常抱女婴出去玩，妈妈也没在意。,86,33.12,27.0
803,04_4亲子育儿,2017_08_03 不会说话，杀死了我的前半生 conv.txt,2017_08_03 不会说话，杀死了我的前半生,date_header_with_inline_body,不会说话，杀死了我的前半生 原创：咪蒙 咪蒙 2017-08-03,5岁 她从小就被大人认为，是个“内向”的孩子。 在中国家长的认知中，内向可不是个褒义词。,96,27.83,24.0
804,04_4亲子育儿,2017_08_18 每一个职场妈妈，都欠孩子一句对不起 conv.txt,2017_08_18 每一个职场妈妈，都欠孩子一句对不起,date_header_with_inline_body,每一个职场妈妈，都欠孩子一句对不起 原创：咪蒙 咪蒙 2017-08-18,01我们公司年终演讲的时候，同事李粒粒的演讲题目是，职场妈妈的愧疚。 李粒粒自问是个好妈妈，她之前为了当全职妈妈，辞职了。 她读遍所有育儿书，自学成了育儿专家，把所有时间都花在女儿身上。,86,25.48,22.0
805,04_4亲子育儿,2017_08_21 为什么越来越多的女人不想生孩子？ conv.txt,2017_08_21 为什么越来越多的女人不想生孩子？,date_header_with_inline_body,为什么越来越多的女人不想生孩子？ 原创：咪蒙 咪蒙 2017-08-21,BY：猪坚强公司的女同事最近要疯了。 她自从结婚以后，每天都被催着生孩子。催她的人，每天都提前排练好了一样，说的全是一样的话。 都喜欢以过来人的身份，劝她，生个孩子吧，不然人生不完整，不然老了会孤单，不然死了没人送终…… 她真是烦死这些人了，因为她就压根不想生孩子，从来没想过要生孩子。 其实不只是她，我身边已经越来越多的女生不想生孩子了。,97,27.11,23.0
806,04_4亲子育儿,2017_08_30 学霸秘籍：先装逼，再牛逼 conv.txt,2017_08_30 学霸秘籍：先装逼，再牛逼,date_header_with_inline_body,学霸秘籍：先装逼，再牛逼 原创：咪蒙 咪蒙 2017-08-30,知乎上有个提问是，学霸们是如何高效率地学习、工作、生活的？ 排名第一的答案是黄白小猫回答的。 他说自己是在赌场的环境中，读完了重点小学、重点中学，考上了985。 当时他家里就是一个赌场，每天晚上父母都摆上两桌麻将，噪音超级大。 他就这样伴着麻将声，钻研数理化。,84,29.79,25.0
807,04_4亲子育儿,2017_08_30 我没要求父母年薪百万，父母凭什么要求我考第一？ conv.txt,2017_08_30 我没要求父母年薪百万，父母凭什么要求我考第一？,date_header_standalone_line,我没要求父母年薪百万，父母凭什么要求我考第一？ 原创：咪蒙 咪蒙 2017-08-30,,58,29.9,28.0
808,04_4亲子育儿,2017_09_06 那个男人生孩子的时候，他的蛋蛋被一层层切开…… conv.txt,2017_09_06 那个男人生孩子的时候，他的蛋蛋被一层层切开……,date_header_with_inline_body,那个男人生孩子的时候，他的蛋蛋被一层层切开…… 原创：蛏子圣子+咪蒙 咪蒙 2017-09-06,生孩子到底有多痛？ 总有男人说，生孩子能有多痛，忍忍就过去了，你们女生不要那么娇气…… 换了他们自己，别说生孩子这种级别的痛了，生病了插个导尿管他们都要死要活的好吗。,38,33.5,28.0
809,04_4亲子育儿,2017_09_10 教师节，我和三个老师打了一场麻将 conv.txt,2017_09_10 教师节，我和三个老师打了一场麻将,date_header_with_inline_body,教师节，我和三个老师打了一场麻将 原创：咪蒙 咪蒙 2017-09-10,今天教师节，我在微信上问几个当老师的朋友：“有空吗，能做个采访吗。” 他们都说：“忙，没空。” 我说：“那有空吗，能打个麻将吗。我有点钱想要输一下。” 他们其中有几个人，突然就有空了呢。 横，老子就在打麻将的时候，把采访给做了。,77,32.49,23.0
810,04_4亲子育儿,2017_09_22 因为一条秋裤，我和婆婆开撕了 conv.txt,2017_09_22 因为一条秋裤，我和婆婆开撕了,date_header_with_inline_body,因为一条秋裤，我和婆婆开撕了 原创：咪蒙 咪蒙 2017-09-22,刷朋友圈，看到有人说，她妈离家出走了……,70,33.0,24.0
811,04_4亲子育儿,2017_09_26 我们跟谁都可以好好说话，除了爸妈 conv.txt,2017_09_26 我们跟谁都可以好好说话，除了爸妈,date_header_with_inline_body,我们跟谁都可以好好说话，除了爸妈 原创：张花花+咪蒙 咪蒙 2017-09-26,跟父母说话，很容易烦躁，很容易发脾气。 发完脾气又特别后悔。 就这样陷入死循环。 这真的是当代人的一大共鸣。,103,26.35,22.0
812,04_4亲子育儿,2017_10_19 买800W学区房算什么，有本事你陪孩子写作业啊 conv.txt,2017_10_19 买800W学区房算什么，有本事你陪孩子写作业啊,date_header_with_inline_body,买800W学区房算什么，有本事你陪孩子写作业啊 原创：咪蒙 咪蒙 2017-10-19,有句话家长们忍很久了：放过我吧，我真的不想再陪孩子写作业了！ 这两天网上流传特别广的家长吐槽，就是关于陪孩子写作业的，字字含泪，杜鹃啼血啊。 “陪儿子写作业到五年级，然后心梗住院了，做了两个支架，想来想去还是命重要，作业什么的就顺其自然吧。” “我此刻光荣地躺在急诊室急救，病因是脑出血，我深刻怀疑就是教孩子写作业弄的，请不要再让我陪他写作业。” 陪孩子写作业，真的有这么可怕吗。,100,27.53,25.0
813,04_4亲子育儿,2017_10_24 别！再！劝！我！生！二！胎！了！ conv.txt,2017_10_24 别！再！劝！我！生！二！胎！了！,date_header_with_inline_body,别！再！劝！我！生！二！胎！了！ 原创：咪蒙 咪蒙 2017-10-24,打亲戚是不对的，我知道。 但人生中总有一些瞬间，让我想动手。,99,25.77,20.0
814,04_4亲子育儿,2017_10_25 _世界不会对你温柔以待，我会_ conv.txt,2017_10_25 _世界不会对你温柔以待，我会_,date_header_with_inline_body,“世界不会对你温柔以待，我会” 原创：咪蒙 咪蒙 2017-10-25,前段时间降温，我加班到半夜，回家的时候经过一条地下通道，看到地上躺着一对流浪夫妻。 他们在睡觉，一床破被子几乎全盖在妻子身上，丈夫只盖了一点点，还时不时给妻子掖一下被子，生怕她着凉。 在妻子枕头的旁边，还放着一枝玫瑰花……,80,29.43,26.0
815,04_4亲子育儿,2017_11_01 拉屎的时候，有人偷偷给我拍了照 conv.txt,2017_11_01 拉屎的时候，有人偷偷给我拍了照,date_header_with_inline_body,拉屎的时候，有人偷偷给我拍了照 原创：王小二+咪蒙 咪蒙 2017-11-01,爸妈的相机，是我们童年的噩梦！ 那些童年照，简直是我们的黑历史！ 每次被当众翻出来，顿时觉得脸没地方搁，分分钟想毁尸灭迹。 同一个世界，同一种心痛。,44,24.86,22.0
816,04_4亲子育儿,2017_11_02 你把我孩子打个半死，我就给你3万 conv.txt,2017_11_02 你把我孩子打个半死，我就给你3万,date_header_with_inline_body,你把我孩子打个半死，我就给你3万 才华有限青年 咪蒙 2017-11-02,图片来源：电影《熔炉》10月下旬，知乎网友@温柔，在知乎发了一篇文章《中国到底有多少个杨永信》：,83,30.8,29.0
817,04_4亲子育儿,2017_11_02 留学生：别人有多羡慕，我就有多孤独 conv.txt,2017_11_02 留学生：别人有多羡慕，我就有多孤独,date_header_with_inline_body,留学生：别人有多羡慕，我就有多孤独 原创：咪蒙+阿徐 咪蒙 2017-11-02,昨天晚上，被《世界再大，大不过一碗番茄炒蛋》这个视频刷屏了。 这并不是一个美食视频。 它讲的是一个留学生在国外，不会做番茄炒蛋，打电话问他妈妈。 他妈妈去厨房亲自示范，现场做了份番茄炒蛋，他爸爸录下了全过程，发给他。 他后来才想到，他在国外，跟国内有时差。,93,32.19,29.0
818,04_4亲子育儿,2017_11_08 携程亲子园事件：我亲手把孩子交给了禽兽 conv.txt,2017_11_08 携程亲子园事件：我亲手把孩子交给了禽兽,date_header_with_inline_body,携程亲子园事件：我亲手把孩子交给了禽兽 原创：咪蒙 咪蒙 2017-11-08,幼儿园虐童事件又发生了。 这一次，是喂十几个月大的孩子，吃大量芥末，还把消毒水往孩子的眼睛和嘴里喷。,92,28.67,23.0
819,04_4亲子育儿,2017_11_09 有一种幸福，是_你吃吧，妈妈不爱吃_ conv.txt,2017_11_09 有一种幸福，是_你吃吧，妈妈不爱吃_,date_header_with_inline_body,有一种幸福，是“你吃吧，妈妈不爱吃” 原创：咪蒙 咪蒙 2017-11-09,同事安迪气死了。 她妈妈给她寄了一大箱红薯，几十斤，然后快递费到付。 她说，快递费就好几十块，都能买好多红薯了。,73,30.16,25.0
820,04_4亲子育儿,2017_11_10 她女儿一年的生活费，可以买一栋别墅 conv.txt,2017_11_10 她女儿一年的生活费，可以买一栋别墅,date_header_standalone_line,她女儿一年的生活费，可以买一栋别墅 原创：咪蒙 咪蒙 2017-11-10,,68,35.84,29.5
821,04_4亲子育儿,2017_11_14 我的名字，是我爸妈的姿势 conv.txt,2017_11_14 我的名字，是我爸妈的姿势,date_header_with_inline_body,我的名字，是我爸妈的姿势 原创：咪蒙 咪蒙 2017-11-14,名字好不好，全看由来巧不巧。 有网友说：,54,23.63,21.0
822,04_4亲子育儿,2017_11_21 奚梦瑶摔倒是命，我高考落榜是因为算命 conv.txt,2017_11_21 奚梦瑶摔倒是命，我高考落榜是因为算命,date_header_with_inline_body,奚梦瑶摔倒是命，我高考落榜是因为算命 原创：咪蒙 咪蒙 2017-11-21,昨天维秘大秀开场不久，奚梦瑶就重重地摔了一跤。,72,24.17,21.0
823,04_4亲子育儿,2017_11_24 这一次，我真的骂不动了 conv.txt,2017_11_24 这一次，我真的骂不动了,date_header_with_inline_body,这一次，我真的骂不动了 咪蒙 咪蒙 2017-11-24,这次我真的骂不动了。 坦白说，昨天第一次看到这个新闻出来，我不信。 昨晚我发了文章，你们在后台留言，告诉我这个新闻，我也不信。 凌晨一两点，我开完会，才开始仔细看网上的新闻，我还是不愿意相信。 潜意识里，我甚至想找相反的证据，来证明这件事是假的。 我一晚上没睡，一直在等反转。反转并没有出现。 现在，我不得不面对了。,74,21.66,19.0
824,04_4亲子育儿,2017_11_29 爸爸，谢谢你重男轻女，我才能月薪5万 conv.txt,2017_11_29 爸爸，谢谢你重男轻女，我才能月薪5万,date_header_with_inline_body,爸爸，谢谢你重男轻女，我才能月薪5万 原创：咪蒙 咪蒙 2017-11-29,很多人好奇黄小污怎么做到月薪5万的。 上次也有记者这么问她。 她说，是因为我爸。 放心，这不是富二代的故事。,114,22.73,19.5
825,04_4亲子育儿,2017_12_05 她临死前说，妈妈，你再生一个吧 conv.txt,2017_12_05 她临死前说，妈妈，你再生一个吧,date_header_with_inline_body,她临死前说，妈妈，你再生一个吧 原创：张花花 咪蒙 2017-12-05,人在死前，最在乎什么？ 坦白说，我们设想过很多。,87,25.74,23.0
826,04_4亲子育儿,2017_12_06 我的父母，是世上最大的骗子 conv.txt,2017_12_06 我的父母，是世上最大的骗子,date_header_with_inline_body,我的父母，是世上最大的骗子 原创：咪蒙 咪蒙 2017-12-06,我妈真的很烦。 前段时间我不是带她出国旅游嘛，我花了很多心思去安排啊，结果她一路都在吐槽啊摔。 一会儿说风景不怎么样，还不如我们小城市的广场； 一会儿说饭菜又贵又难吃，还不如在家里随便煮碗面……,101,25.71,23.0
827,04_4亲子育儿,2017_12_18 比你失业更可怕的是，你孩子即将失业 conv.txt,2017_12_18 比你失业更可怕的是，你孩子即将失业,date_header_with_inline_body,比你失业更可怕的是，你孩子即将失业 原创：咪蒙 咪蒙 2017-12-18,月初，我去乌镇参加了世界互联网大会。 我完全像乡下人进城啊，看什么都很新鲜，大佬们讲什么我都听不懂…… 因为他们总是blahblahblah讲一大堆人工智能，还夹杂着大量英文啊摔。,89,30.04,25.0
828,04_4亲子育儿,2017_12_20 陈世峰被判20年，江歌妈妈被判无期 conv.txt,2017_12_20 陈世峰被判20年，江歌妈妈被判无期,date_header_with_inline_body,陈世峰被判20年，江歌妈妈被判无期 原创：咪蒙 咪蒙 2017-12-20,今天下午，陈世峰的判决出来了。 其实之前我们就知道，陈世峰很难被判死刑。 根据日本法律，只有蓄意谋杀两人及以上，才有可能判死刑。 而且在日本，从判决死刑到执行死刑，至少要七八年。 我们知道这一点，我们依然期待破例。,68,29.28,24.0
829,04_4亲子育儿,2017_12_24 你总说_不着急_，最后都是_来不及_ conv.txt,2017_12_24 你总说_不着急_，最后都是_来不及_,date_header_with_inline_body,你总说“不着急”，最后都是“来不及” 原创：咪蒙 咪蒙 2017-12-24,你生活中是不是经常有这样的时刻，因为落后了一步，所以错失了很多机会。 上厕所的时候，因为被人抢先一步，就只能捂着肚子等在门口； 双十一的时候，因为被人抢先一步，就只能看着喜欢的衣服下架； 去吃饭的时候，因为被人抢先一步，就只能等别人先买走最后一份红烧肉。 面对这种时候，你总是安慰自己说，他们不就是抢先了一步吗，反正也是小事。 可正是因为你这样的心态，导致你错失的，远远不止一步。,78,34.06,33.0
830,04_4亲子育儿,2018_01_11 _哪个当妈的，没在深夜痛哭过_ conv.txt,2018_01_11 _哪个当妈的，没在深夜痛哭过_,date_header_with_inline_body,“哪个当妈的，没在深夜痛哭过” 原创：咪蒙 咪蒙 2018-01-11,上周六，我跟唯唐大撕逼，就在朝阳大悦城5楼。 我周五晚上加班，熬夜到凌晨5点半，早上9点咬牙起床，就为了陪他去买羽绒服。结果他完全不领情，各种甩脸色，不 想买衣服，只想回家打王者农药。,70,32.67,28.0
831,04_4亲子育儿,2018_01_16 舍不得买iPhone的爸妈，却帮我买了套房子 conv.txt,2018_01_16 舍不得买iPhone的爸妈，却帮我买了套房子,date_header_with_inline_body,舍不得买iPhone的爸妈，却帮我买了套房子 原创：咪蒙 咪蒙 2018-01-16,开会的时候，总有人要和你视频，你说你烦不烦？ 同事说，她就特别烦。 她妈妈经常在上班时间，要跟她视频通话，好几次她还在开会。 问题是没什么重要的事，每次只问她，你吃饭了吗。 她跟妈妈抱怨过几次，根本没用。,69,34.75,31.0
832,04_4亲子育儿,2018_01_23 原来，妈妈才是世界上最大的备胎！ conv.txt,2018_01_23 原来，妈妈才是世界上最大的备胎！,date_header_with_inline_body,原来，妈妈才是世界上最大的备胎！ 原创：咪蒙 咪蒙 2018-01-23,最近流感很严重，唯唐也开始发烧。 前几天好不容易他退烧了，让我陪他去吃日料。我立马会也不开了，稿子也不写了，点好的小龙虾也不吃了（好吧，我 承认，还是吃了的），然后乖乖陪他去吃饭。 吃饭的时候，我还一直摸他的额头，问他还咳嗽吗，还发烧吗，还难受吗。,86,27.5,24.5
833,04_4亲子育儿,2018_01_26 我听过最大的谎言是_妈妈再也不管你了_ conv.txt,2018_01_26 我听过最大的谎言是_妈妈再也不管你了_,date_header_with_inline_body,我听过最大的谎言是“妈妈再也不管你了” 原创：咪蒙 咪蒙 2018-01-26,每个妈妈都是打脸狂魔。 我们读书的时候，她总是管东管西，不许早恋，不许不穿秋裤，不许跟坏同学玩儿…… 我们反抗，她就说，等你上大学了，我就不管你了。 结果，上了大学，她还是管东管西，一会儿问成绩，一会儿问跟室友处得好不好，一会儿问食堂伙食怎么样……,82,28.04,21.5
834,04_4亲子育儿,2018_01_31 我一定是把儿子扔了，把胎盘养大了 conv.txt,2018_01_31 我一定是把儿子扔了，把胎盘养大了,date_header_with_inline_body,我一定是把儿子扔了，把胎盘养大了 脑仁 咪蒙 2018-01-31,我叫假记者， 今天采访一个家庭妇女，名叫脑花，30岁。有个3岁的儿子，叫脑仁。让我们来看看从生孩子开始到今天为止的三年里 面，他们家里发生了些什么？,132,24.57,22.0
835,04_4亲子育儿,2018_02_11 过年做这8件小事，父母能炫耀一整年！ conv.txt,2018_02_11 过年做这8件小事，父母能炫耀一整年！,date_header_with_inline_body,过年做这8件小事，父母能炫耀一整年！ 原创：咪蒙 咪蒙 2018-02-11,你以为陪父母的时间还有很多，不急于一时。 但是，你有认真算过，我们陪父母的时间，还有多少天吗。 我以前提过一个公式： 假如你的父母现在60岁，父母余下的寿命是20年，并且你没有跟父母同住。,75,37.97,32.0
836,04_4亲子育儿,2018_03_12 这世上有比带小孩更恐怖的事吗？没有。 conv.txt,2018_03_12 这世上有比带小孩更恐怖的事吗？没有。,date_header_with_inline_body,这世上有比带小孩更恐怖的事吗？没有。 原创：咪蒙 咪蒙 2018-03-12,总有很多女生来问我，刚生孩子，孩子好难带啊，我很抓狂怎么办，每天有100多次想把孩子扔掉，怎么办？ 是时候给新手妈妈们一些靠谱的建议了。,80,30.18,24.5
837,04_4亲子育儿,2018_04_03 就算我第一次当妈，也不用你教！ conv.txt,2018_04_03 就算我第一次当妈，也不用你教！,date_header_with_inline_body,就算我第一次当妈，也不用你教！ 原创：咪蒙 咪蒙 2018-04-03,我要打脸了。 之前我写过，《这世上有比带小孩更恐怖的事吗？没有。》 我错了。,89,24.99,21.0
838,04_4亲子育儿,2018_04_12 你讨厌的样子，你的孩子全都有 conv.txt,2018_04_12 你讨厌的样子，你的孩子全都有,date_header_with_inline_body,你讨厌的样子，你的孩子全都有 原创：咪蒙 咪蒙 2018-04-12,上周末，我从杭州回来，在机场，看到旁边一个小女孩缠着妈妈讲故事。 妈妈讲完以后，温柔地强调，这个故事告诉我们，做人一定要懂礼貌。 画面可以说是很温馨了。,82,23.32,19.0
839,04_4亲子育儿,2018_04_13 _我的4岁孩子，被烫得血肉模糊_ conv.txt,2018_04_13 _我的4岁孩子，被烫得血肉模糊_,date_header_with_inline_body,“我的4岁孩子，被烫得血肉模糊” 原创：咪蒙 咪蒙 2018-04-13,3月23号，济南。 4岁的小男孩腾腾跟妈妈说，我可不可以不去上学？ 腾腾妈说，不行，妈妈是大人必须上班，你是小孩必须上学! 那天是周五，腾腾妈答应腾腾，上完这一天，周末就好好陪他玩。 于是，她把腾腾送去了幼儿园。 上午10点15分，她接到幼儿园电话，说孩子被开水烫伤了。,76,25.66,21.5
840,04_4亲子育儿,2018_04_16 那个产后抑郁的妈妈，现在月薪3万+！ conv.txt,2018_04_16 那个产后抑郁的妈妈，现在月薪3万+！,date_header_with_inline_body,那个产后抑郁的妈妈，现在月薪3万+！ 原创：咪蒙 咪蒙 2018-04-16,我不知道活着是为什么了。 一个全职妈妈给我发邮件说。,80,26.32,20.5
841,04_4亲子育儿,2018_05_09 如果为人父母要考试，你能拿多少分_ conv.txt,2018_05_09 如果为人父母要考试，你能拿多少分_,date_header_with_inline_body,如果为人父母要考试，你能拿多少分? 原创：咪蒙 咪蒙 2018-05-09,我们公司的人，都很羡慕杨乐多。,101,21.47,19.0
842,04_4亲子育儿,2018_05_17 今天不起标题，回家了！ conv.txt,2018_05_17 今天不起标题，回家了！,date_header_with_inline_body,今天不起标题，回家了！ 原创：咪蒙 咪蒙 2018-05-17,你有没有被一个问题问哭过？ 我有过。,75,25.52,25.0
843,04_4亲子育儿,2018_05_23 亲生孩子叫了我一声_阿姨_ conv.txt,2018_05_23 亲生孩子叫了我一声_阿姨_,date_header_with_inline_body,亲生孩子叫了我一声“阿姨” 原创：咪蒙 咪蒙 2018-05-23,粉丝给我发了一张图片，是她儿子写的日记：,31,28.71,22.0
844,04_4亲子育儿,2018_06_06 高考加油，我等你c位出考场！ conv.txt,2018_06_06 高考加油，我等你c位出考场！,date_header_with_inline_body,高考加油，我等你c位出考场！ 原创：咪蒙 咪蒙 2018-06-06,现在是晚上x点。 离高考还有x个小时。 高三的你，紧张吗？,74,22.95,22.5
845,04_4亲子育儿,2018_06_07 孩子之间的鄙视链，最扎心 conv.txt,2018_06_07 孩子之间的鄙视链，最扎心,date_header_with_inline_body,孩子之间的鄙视链，最扎心 原创：咪蒙 咪蒙 2018-06-07,前两天，朋友给我说了一个事情。 她去学校接儿子放学时，发现她儿子一直在门口徘徊，不愿意上车。 她想，这小子估计在等喜欢的小女孩吧。,38,27.05,24.5
846,04_4亲子育儿,2018_06_17 祝单亲妈妈，父亲节快乐！ conv.txt,2018_06_17 祝单亲妈妈，父亲节快乐！,date_header_with_inline_body,祝单亲妈妈，父亲节快乐！ 原创：咪蒙 咪蒙 2018-06-17,今天是父亲节。 有一群不是父亲的人，也应该过父亲节。 她们是单亲妈妈。 她们必须是雌雄同体的，因为孩子的爸爸不在身边。,165,20.42,18.0
847,04_4亲子育儿,2018_06_25 高考不是唯一的出路，努力才是 conv.txt,2018_06_25 高考不是唯一的出路，努力才是,date_header_with_inline_body,高考不是唯一的出路，努力才是 原创：咪蒙 咪蒙 2018-06-25,高考失败了，人生完了吗？ 高考成绩出来了，很多同学没有考好，绝望了。 该绝望吗？,19,20.21,20.0
848,04_4亲子育儿,2018_07_12 那个人人瞧不起的差生，如今逆风翻盘！ conv.txt,2018_07_12 那个人人瞧不起的差生，如今逆风翻盘！,date_header_with_inline_body,那个人人瞧不起的差生，如今逆风翻盘！ 原创：咪蒙 咪蒙 2018-07-12,气！气！气！ 你还记得小时候，因为学习不好，遭受过哪些恶意？ 聊到这个话题，同事们炸了。 一个个拍着桌子，嗷嗷大叫。 有同事说，老师排座位的时候，会偏心那些学习好的同学。 自己个子矮，却在倒数第二排，根本看不清黑板。,114,21.34,19.5
849,04_4亲子育儿,2018_07_16 如果你能把我搞！哭！我愿意给你100万！ conv.txt,2018_07_16 如果你能把我搞！哭！我愿意给你100万！,date_header_with_inline_body,如果你能把我搞！哭！我愿意给你100万！ 原创：咪蒙 咪蒙 2018-07-16,怕大家看不到我优秀的审美，特地把图片放大给你们看～所以我要招聘了!招聘 招聘! 招聘!我们这次招聘的岗位有：,83,27.93,21.0
850,04_4亲子育儿,2018_08_23 我爸亲手毁了我2000万的豪宅！ conv.txt,2018_08_23 我爸亲手毁了我2000万的豪宅！,date_header_with_inline_body,我爸亲手毁了我2000万的豪宅！ 原创：咪蒙 咪蒙 2018-08-23,你们的房租涨了没？ 最近北京房租暴涨，我们公司哀鸿遍野，哭倒一片。 同事可可哭得最伤心。 她原本的房租3000块，一下子涨到了4500！ 擦，这特么约等于抢劫啊！ 最惨的是，她原本该是个在北京有房、天天等收租的富二代！,109,23.22,20.0
851,04_4亲子育儿,2018_09_13 我要控诉，幼儿园数学题为什么难！难！难！ conv.txt,2018_09_13 我要控诉，幼儿园数学题为什么难！难！难！,date_header_with_inline_body,我要控诉，幼儿园数学题为什么难！难！难！ 原创：咪蒙 咪蒙 2018-09-13,我被侮辱了。 有个同事拿了道题给我做，我做了半个小时，没做出来…… 不能我一个人被侮辱，不如你们也来试试……,72,24.15,23.5
852,04_4亲子育儿,2018_09_23 31岁实习生，逆袭成时尚主编，她凭什么？ conv.txt,2018_09_23 31岁实习生，逆袭成时尚主编，她凭什么？,date_header_standalone_line,31岁实习生，逆袭成时尚主编，她凭什么？ 原创：咪蒙 咪蒙 2018-09-23,,112,25.16,18.0
853,04_4亲子育儿,2018_10_25 被骂_垃圾_，那个10岁女孩做错了什么！！ conv.txt,2018_10_25 被骂_垃圾_，那个10岁女孩做错了什么！！,date_header_with_inline_body,被骂“垃圾”，那个10岁女孩做错了什么！！ 原创：咪蒙 咪蒙 2018-10-25,有些照片能让人瞬间心疼。 比如这张：,100,23.34,20.5
854,04_4亲子育儿,2018_10_26 _你都是当妈的人了，怎么还和小孩一样？_ conv.txt,2018_10_26 _你都是当妈的人了，怎么还和小孩一样？_,date_header_with_inline_body,“你都是当妈的人了，怎么还和小孩一样？” 原创：咪蒙 咪蒙 2018-10-26,最近，我一个朋友染了蓝色的头发。 我们都说超级好看，超级美。 结果，她婆婆炸了！,134,20.08,18.0
855,04_4亲子育儿,2018_10_31 我一天花的钱，够我妈花一年！ conv.txt,2018_10_31 我一天花的钱，够我妈花一年！,date_header_standalone_line,我一天花的钱，够我妈花一年！ 原创：咪蒙 咪蒙 2018-10-31,,109,20.95,20.0
856,04_4亲子育儿,2018_11_06 妈妈的天敌是婆婆？不，是他！ conv.txt,2018_11_06 妈妈的天敌是婆婆？不，是他！,date_header_with_inline_body,妈妈的天敌是婆婆？不，是他！ 十三姐 咪蒙 2018-11-06,老师布置了一篇作文《____真辛苦》，是个半命题作文，让小朋友自己填主语。我喜不自禁地暗自琢磨起来，儿子肯定要 写《妈妈真辛苦》了。,72,37.04,26.5
857,04_4亲子育儿,2018_12_02 是！家暴不是犯错，是犯罪！！！ conv.txt,2018_12_02 是！家暴不是犯错，是犯罪！！！,date_header_with_inline_body,是！家暴不是犯错，是犯罪！！！ 原创：莉莉雅 咪蒙 2018-12-02,蒋劲夫家暴的事情，大家都知道了吧？,126,27.67,25.0
858,04_4亲子育儿,2018_12_14 老娘做了什么孽，要陪孩子写作业！ conv.txt,2018_12_14 老娘做了什么孽，要陪孩子写作业！,date_header_with_inline_body,老娘做了什么孽，要陪孩子写作业！ 原创：莉莉雅 咪蒙 2018-12-14,伟大的文学家鲁迅说过： 婚姻里最可怕的，不是出轨、不是家暴，而是…… 陪！孩！子！写！作！业！,93,28.15,23.0
859,04_4亲子育儿,2018_12_20 没钱、没时间、没智商......你不配做这件事！！ conv.txt,2018_12_20 没钱、没时间、没智商......你不配做这件事！！,date_header_with_inline_body,没钱、没时间、没智商......你不配做这件事！！ 原创：咪蒙 咪蒙 2018-12-20,微博上看到一张截图，真实得让人想哭！,102,22.72,17.0
860,04_4亲子育儿,2019_01_23 我们对父母，正在使用冷暴力 conv.txt,2019_01_23 我们对父母，正在使用冷暴力,date_header_with_inline_body,我们对父母，正在使用冷暴力 原创：咪蒙 咪蒙 1周前,我敢说，提起冷暴力，每个人都会来气。 你发微信，他假装没看见； 你打电话，他不接； 你关心他，他还不耐烦……,94,26.45,24.0
861,04_4亲子育儿,2019_01_24 我带亲娃旅行，却被当成人贩子！ conv.txt,2019_01_24 我带亲娃旅行，却被当成人贩子！,date_header_with_inline_body,我带亲娃旅行，却被当成人贩子！ 原创：咪蒙 咪蒙 1周前,有件事说出来你们都懂。 出门最怕遇到的，就是熊孩子。 有熊孩子的车厢，就像一个大型施工现场。 你看书时，他像个大号喇叭，在你耳边嚷嚷； 你睡觉时，他像个打桩机，在后面踢你座位…… 太！崩！溃！了！,102,24.66,23.0
862,05_5社会现象,2016_11_21 长了一张明星脸，怪我咯？ conv.txt,2016_11_21 长了一张明星脸，怪我咯？,date_header_standalone_line,长了一张明星脸，怪我咯？ 原创：咪蒙 咪蒙 2016-11-21,,44,26.59,24.5
863,05_5社会现象,2017_07_12 _一层一层剥开我的心，会发现有很多男明星_ conv.txt,2017_07_12 _一层一层剥开我的心，会发现有很多男明星_,date_header_standalone_line,“一层一层剥开我的心，会发现有很多男明星” 原创：咪蒙 咪蒙 2017-07-12,,81,25.64,21.0
864,05_5社会现象,2017_08_17 我是一个特别的网红，特别的不红 conv.txt,2017_08_17 我是一个特别的网红，特别的不红,date_header_with_inline_body,我是一个特别的网红，特别的不红 原创：三坨土 咪蒙 2017-08-17,我叫三坨土，女，今年27岁。,98,20.91,19.0
865,05_5社会现象,2018_06_28 太可怕了！男朋友送了我一件明星同款！ conv.txt,2018_06_28 太可怕了！男朋友送了我一件明星同款！,date_header_with_inline_body,太可怕了！男朋友送了我一件明星同款！ 原创：咪蒙 咪蒙 2018-06-28,呜呜呜呜。 公司突然传来同事pp嚎啕大哭的声音。,22,20.18,18.5
866,05_5社会现象,2018_11_20 你支持的不是蒋劲夫，是家暴！ conv.txt,2018_11_20 你支持的不是蒋劲夫，是家暴！,date_header_with_inline_body,你支持的不是蒋劲夫，是家暴！ 原创：咪蒙 咪蒙 2018-11-20,蒋劲夫上了热搜，他承认自己家暴。 他打自己的女朋友，下手也挺狠的。 这是他女朋友在网上发的自己受伤的图片，挺触目惊心的。,42,21.12,19.0
867,05_5社会现象,2018_11_29 _她那么丑，凭什么让王菲大哭？_ conv.txt,2018_11_29 _她那么丑，凭什么让王菲大哭？_,date_header_with_inline_body,“她那么丑，凭什么让王菲大哭？” 原创：莉莉雅 咪蒙 2018-11-29,跟你们说哦，千万不要和喜欢的人去看《无名之辈》， 你会哭到丑爆。 因为我就是这样，撸了两个多小时的妆和蓝朋友约会， 结果，在电影院哭得......假睫毛都掉了！！,96,28.24,24.5
868,05_5社会现象,2018_12_01 俞飞鸿徐静蕾，凭什么40岁还能美成18岁！！ conv.txt,2018_12_01 俞飞鸿徐静蕾，凭什么40岁还能美成18岁！！,date_header_with_inline_body,俞飞鸿徐静蕾，凭什么40岁还能美成18岁！！ 原创：咪蒙 咪蒙 2018-12-01,上周奇葩说，邱晨说自己已经36岁，大家都震惊了。 有人发微博说，“邱晨说自己本命年，还以为是24岁……”,118,21.16,19.0
869,06_6实用技巧,2015_10_19 长得丑该怎么办？ conv.txt,2015_10_19 长得丑该怎么办？,date_header_standalone_line,长得丑该怎么办？ 咪蒙 2015-10-19,,140,23.96,21.0
870,06_6实用技巧,2015_12_28 我是如何成功地把一家公司开垮的 conv.txt,2015_12_28 我是如何成功地把一家公司开垮的,date_header_standalone_line,我是如何成功地把一家公司开垮的 原创：咪蒙 咪蒙 2015-12-28,,180,20.23,19.0
871,06_6实用技巧,2016_01_25 我来告诉你们怎么减肥才能成功 conv.txt,2016_01_25 我来告诉你们怎么减肥才能成功,date_header_standalone_line,我来告诉你们怎么减肥才能成功 原创：咪蒙 咪蒙 2016-01-25,,118,22.03,18.5
872,06_6实用技巧,2016_03_30 到底怎么才能赚到很多钱？ conv.txt,2016_03_30 到底怎么才能赚到很多钱？,date_header_standalone_line,到底怎么才能赚到很多钱？ 原创：咪蒙 咪蒙 2016-03-30,,66,23.97,18.0
873,06_6实用技巧,2016_04_04 亲人去世了，该怎么走出阴影？ conv.txt,2016_04_04 亲人去世了，该怎么走出阴影？,date_header_standalone_line,亲人去世了，该怎么走出阴影？ 原创：咪蒙 咪蒙 2016-04-04,,274,35.32,27.0
874,06_6实用技巧,2016_05_02 _闺蜜_ 两个字，怎么就成了贬义词了呢？ conv.txt,2016_05_02 _闺蜜_ 两个字，怎么就成了贬义词了呢？,date_header_standalone_line,“闺蜜”两个字，怎么就成了贬义词了呢？ 原创：咪蒙 咪蒙 2016-05-02,,115,28.59,24.0
875,06_6实用技巧,2016_06_06 我是如何从极度自卑变成死不要脸的 conv.txt,2016_06_06 我是如何从极度自卑变成死不要脸的,date_header_standalone_line,我是如何从极度自卑变成死不要脸的 原创：咪蒙 咪蒙 2016-06-06,,86,28.28,22.0
876,06_6实用技巧,2016_08_18 如何在无趣的世界里，做一个有趣的人？ conv.txt,2016_08_18 如何在无趣的世界里，做一个有趣的人？,date_header_standalone_line,如何在无趣的世界里，做一个有趣的人？ 原创：咪蒙 咪蒙 2016-08-18,,92,30.71,21.0
877,06_6实用技巧,2016_09_19 独家！如何一秒钟瘦脸？ conv.txt,2016_09_19 独家！如何一秒钟瘦脸？,date_header_standalone_line,独家！如何一秒钟瘦脸？ 原创：咪蒙 咪蒙 2016-09-19,,53,32.28,25.0
878,06_6实用技巧,2016_10_11 _别摸了，你买不起_ conv.txt,2016_10_11 _别摸了，你买不起_,date_header_standalone_line,“别摸了，你买不起” 原创：咪蒙+王火火 咪蒙 2016-10-11,,77,20.42,19.0
879,06_6实用技巧,2016_11_24 你在外面这么好看，你妈知道吗？ conv.txt,2016_11_24 你在外面这么好看，你妈知道吗？,date_header_standalone_line,你在外面这么好看，你妈知道吗？ 原创：咪蒙 咪蒙 2016-11-24,,64,28.41,26.0
880,06_6实用技巧,2016_12_08 如何快速成为一个有钱人？从不睡觉开始 conv.txt,2016_12_08 如何快速成为一个有钱人？从不睡觉开始,date_header_standalone_line,如何快速成为一个有钱人？从不睡觉开始 原创：咪蒙 咪蒙 2016-12-08,,111,26.18,22.0
881,06_6实用技巧,2017_01_11 你化妆好看？有本事你卸妆也好看！ conv.txt,2017_01_11 你化妆好看？有本事你卸妆也好看！,date_header_standalone_line,你化妆好看？有本事你卸妆也好看！ 原创：咪蒙 咪蒙 2017-01-11,,80,26.9,24.0
882,06_6实用技巧,2017_03_14 如何成为下一个咪蒙？ conv.txt,2017_03_14 如何成为下一个咪蒙？,date_header_standalone_line,如何成为下一个咪蒙？ 原创：咪蒙 咪蒙 2017-03-14,,99,28.08,23.0
883,06_6实用技巧,2017_04_12 如何在上班时间光明正大地玩手机？ conv.txt,2017_04_12 如何在上班时间光明正大地玩手机？,date_header_standalone_line,如何在上班时间光明正大地玩手机？ 原创：咪蒙 咪蒙 2017-04-12,,59,26.41,23.0
884,06_6实用技巧,2017_04_26 好看的人很多，有趣的人很少 conv.txt,2017_04_26 好看的人很多，有趣的人很少,date_header_standalone_line,好看的人很多，有趣的人很少 原创：咪蒙 咪蒙 2017-04-26,,98,25.14,21.0
885,06_6实用技巧,2017_05_04 后悔药使用指南.doc conv.txt,2017_05_04 后悔药使用指南.doc,date_header_standalone_line,后悔药使用指南.doc 原创：咪蒙 咪蒙 2017-05-04,,63,30.14,27.0
886,06_6实用技巧,2017_05_15 人生最痛苦的是，怎么选都是错的 conv.txt,2017_05_15 人生最痛苦的是，怎么选都是错的,date_header_standalone_line,人生最痛苦的是，怎么选都是错的 原创：咪蒙 咪蒙 2017-05-15,,101,24.61,22.0
887,06_6实用技巧,2017_05_23 老娘化不化妆，关你屁事啊 conv.txt,2017_05_23 老娘化不化妆，关你屁事啊,date_header_standalone_line,老娘化不化妆，关你屁事啊 原创：咪蒙 咪蒙 2017-05-23,,98,23.18,20.0
888,06_6实用技巧,2017_07_13 一辈子很长，好看的人想和好看的人在一起 conv.txt,2017_07_13 一辈子很长，好看的人想和好看的人在一起,date_header_standalone_line,一辈子很长，好看的人想和好看的人在一起 原创：咪蒙 咪蒙 2017-07-13,,48,29.42,23.0
889,06_6实用技巧,2017_07_26 减肥期间，最容易做的是什么 conv.txt,2017_07_26 减肥期间，最容易做的是什么,date_header_with_inline_body,减肥期间，最容易做的是什么 黄经天 咪蒙 2017-07-26,1,0,0.0,0.0
890,06_6实用技巧,2017_08_16 都勾引你三年了，怎么还不给我表白？ conv.txt,2017_08_16 都勾引你三年了，怎么还不给我表白？,date_header_with_inline_body,都勾引你三年了，怎么还不给我表白？ 原创：咪蒙 咪蒙 2017-08-16,宋慧乔比宋仲基大4岁，幸福地生活在一起了。 高圆圆比赵又廷大5岁，幸福地生活在一起了。 我比胡歌大6岁，差一点就幸福地生活在一起…… 好吧，我承认，其实差得有点多。 大家发现没，其实，我们身边很多姐弟恋都超级幸福的。 毕竟，每次吵架，只要一抬头看到满脸胶原蛋白的男孩子，气就自然消了。 上周，我征集了姐弟恋的故事，简直是现实版的甜宠文。 甜到炸裂啊啊啊啊啊啊。,110,24.25,20.5
891,06_6实用技巧,2017_08_17 宇宙难题：男女之间到底做什么，才算在一起了？ conv.txt,2017_08_17 宇宙难题：男女之间到底做什么，才算在一起了？,date_header_with_inline_body,宇宙难题：男女之间到底做什么，才算在一起了？ 原创：咪蒙 咪蒙 2017-08-17,我们办公室爆发了一次大型撕逼。 不是为了宫斗，不是为了抢红包，甚至都不是为了抢吃的！ 而是因为一个问题，吵起来了。 这个问题就是：男女到底做什么，才算是在一起了？,78,22.15,19.0
892,06_6实用技巧,2017_09_11 有时候，证件照比裸照更加迷人 conv.txt,2017_09_11 有时候，证件照比裸照更加迷人,date_header_with_inline_body,有时候，证件照比裸照更加迷人 原创：咪蒙 咪蒙 2017-09-11,一直觉得自己的证件照还看得过去，自从看了下面这些照片……什么话都不说了，我先去哭一会儿。,37,31.08,29.0
893,06_6实用技巧,2017_09_14 六神磊磊：有趣是松弛，无趣是用力过猛 conv.txt,2017_09_14 六神磊磊：有趣是松弛，无趣是用力过猛,date_header_standalone_line,六神磊磊：有趣是松弛，无趣是用力过猛 原创：咪蒙 咪蒙 2017-09-14,,82,27.01,24.0
894,06_6实用技巧,2017_09_14 如何有情怀地说服蔡康永加入黑社会？ conv.txt,2017_09_14 如何有情怀地说服蔡康永加入黑社会？,date_header_with_inline_body,如何有情怀地说服蔡康永加入黑社会？ 原创：咪蒙 咪蒙 2017-09-14,蔡康永有一种特异功能。 不管你的话题多么屎尿屁、多么黄赌毒，他来讲一讲，就突然变得很优雅，很有情怀。 我邀请蔡康永来做新媒体创作大赛的导师，希望他讲一讲《如何把文章写得更有情怀》，然后被蔡康永拒绝了。,83,24.75,23.0
895,06_6实用技巧,2017_09_14 张嘉佳：一定要过得很惨才能写出好文章吗？是的 conv.txt,2017_09_14 张嘉佳：一定要过得很惨才能写出好文章吗？是的,date_header_with_inline_body,张嘉佳：一定要过得很惨才能写出好文章吗？是的 原创：咪蒙 咪蒙 2017-09-14,虽然我和张嘉佳总是打着喝酒的名义，互相羞辱。 我吐槽他挫，他吐槽我胖。 但有句话我必须要说，丫是真的牛逼。,49,29.02,23.0
896,06_6实用技巧,2017_09_29 _你打扮这么好看，是不是要出轨？_ conv.txt,2017_09_29 _你打扮这么好看，是不是要出轨？_,date_header_with_inline_body,“你打扮这么好看，是不是要出轨？” 原创：咪蒙 咪蒙 2017-09-29,作为一个猥琐的人，看到一个美女，变得丑了点，我应该是暗爽的。然而这次我却有点唏嘘。 上周末见了一个编剧，我们是3年前认识的。 那时候，我刚开始写剧本，当时觉得，编剧又不是靠脸吃饭，老子就可以丑得理直气壮了呀。 结果见了她才觉得，有些人就是犯规。一个编剧为什么要长得那么好看，分分钟可以去上镜了好吗。 记忆最深刻的，是她的发质超好，一头大波浪卷发，配上她白得发光的皮肤——感觉跟我完全不是一个物种。,75,30.29,25.0
897,06_6实用技巧,2017_11_04 小学家长装逼指南 conv.txt,2017_11_04 小学家长装逼指南,date_header_with_inline_body,小学家长装逼指南 原创：咪蒙 咪蒙 2017-11-04,沉痛地告诉大家，没有几个庄园，没有50套房子，没有常青藤博士学历的话，你就没有资格当小学生家长。 想必，你们也看过这两天流传很广的家长群截图了！ 据说，那是某小学在竞选家委会成员，每个参选的家长都要进行自我介绍。 不仅要比房比车比学历，还要比拼在联合国的席位。,19,31.0,31.0
898,06_6实用技巧,2017_11_06 每一句_为你好_，都是一种精神强奸 conv.txt,2017_11_06 每一句_为你好_，都是一种精神强奸,date_header_with_inline_body,"每一句""为你好""，都是一种精神强奸 原创：咪蒙 咪蒙 2017-11-06",想问大家一个关于火锅的问题。 把火锅泼到别人脸上，是用清汤好还是红汤好？ 昨天晚上，和朋友去吃火锅，她带了个女生来。 那个女生一整顿饭一直叨逼叨。,76,34.72,26.0
899,06_6实用技巧,2017_12_04 如何培养丰富的想象力？有钱！ conv.txt,2017_12_04 如何培养丰富的想象力？有钱！,date_header_with_inline_body,如何培养丰富的想象力？有钱！ 原创：咪蒙 咪蒙 2017-12-04,今天，我们来玩一个小游戏：,66,26.24,23.0
900,06_6实用技巧,2017_12_21 500块以内的圣诞礼物清单，请查收！ conv.txt,2017_12_21 500块以内的圣诞礼物清单，请查收！,date_header_with_inline_body,500块以内的圣诞礼物清单，请查收！ 原创：咪蒙 咪蒙 2017-12-21,距离圣诞节还有4天。 同学们，你们的礼物都买好了吗？,64,28.8,27.5
901,06_6实用技巧,2017_12_26 我的前半生是你，后半生怎么还是你 conv.txt,2017_12_26 我的前半生是你，后半生怎么还是你,date_header_with_inline_body,我的前半生是你，后半生怎么还是你 原创：咪蒙 咪蒙 2017-12-26,今天的文章，我觉得用1个字来形容就够了： 甜甜甜甜甜甜甜甜甜甜甜甜甜甜甜甜甜甜甜甜甜到炸裂。 上周，我征集了青梅竹马的故事。 本以为不可能有比我和罗同学更虐狗的了，直到看完你们的投稿，我承认我真的输了！,72,22.19,20.5
902,06_6实用技巧,2018_01_09 书单丨对你有用的书很多，我重点推荐这39本 conv.txt,2018_01_09 书单丨对你有用的书很多，我重点推荐这39本,date_header_with_inline_body,书单丨对你有用的书很多，我重点推荐这39本 原创：咪蒙 咪蒙 2018-01-09,每年都在发誓，每年都在打脸。 敢不敢2018年真的说到做到一次，真的读完这39本书？ 相信我，说到做到的感觉真的很爽。 就像我去年说要长胖10斤，我做到了。 今天列出来的书，是我和我的团队2017年看的书。,173,26.16,23.0
903,06_6实用技巧,2018_01_10 如果人生可以撤回，你最想撤回的是什么？ conv.txt,2018_01_10 如果人生可以撤回，你最想撤回的是什么？,date_header_with_inline_body,如果人生可以撤回，你最想撤回的是什么？ 原创：陈小鲜 咪蒙 2018-01-10,想问大家一个扎心的问题： 你小时候是不是总希望自己的生命中出现一个哆啦A梦，来帮你解决难题。 但是往往出现的都是胖虎，让事情更糟糕。 而且越长大，困难就越多。比如说，还不完的花呗、总不够用的时间以及永远睡不够的觉…… 感觉10个哆啦A梦都特么不够我用了。 上次，我在微博上看到这个【困困存储器】，它就像哆啦A梦的神器道具，脑洞超大超实用。,54,34.72,31.0
904,06_6实用技巧,2018_01_22 【有人@你】这份清单能让你的少女心炸裂 conv.txt,2018_01_22 【有人@你】这份清单能让你的少女心炸裂,date_header_standalone_line,【有人@你】这份清单能让你的少女心炸裂 原创：咪蒙 咪蒙 2018-01-22,,64,27.25,23.5
905,06_6实用技巧,2018_02_01 _你这么有钱，怎么好意思催我还钱？_ conv.txt,2018_02_01 _你这么有钱，怎么好意思催我还钱？_,date_header_with_inline_body,“你这么有钱，怎么好意思催我还钱？” 原创：咪蒙 咪蒙 2018-02-01,问大家一个生活小常识啊。 AK47去哪里买？,89,25.27,22.0
906,06_6实用技巧,2018_02_27 五音不全的人，如何坚强地活在这个世上 conv.txt,2018_02_27 五音不全的人，如何坚强地活在这个世上,date_header_with_inline_body,五音不全的人，如何坚强地活在这个世上 原创：咪蒙 咪蒙 2018-02-27,大美妞同事钟小钟疯了。 她搞直播，五音不全还非要唱歌，还非要把一首歌唱完。 看直播的人都崩溃了，制止她，别唱了，求你了，别唱了。,103,25.72,21.0
907,06_6实用技巧,2018_03_06 我是如何不见了10个LV的...... conv.txt,2018_03_06 我是如何不见了10个LV的......,date_header_with_inline_body,我是如何不见了10个LV的...... 胖少女晚托班 咪蒙 2018-03-06,还没有孩子的时候，听到身边朋友埋怨养孩子多费钱， 我的表情是这样的：,27,50.19,33.0
908,06_6实用技巧,2018_03_08 从保洁阿姨逆袭成女神，她是怎么做到的？ conv.txt,2018_03_08 从保洁阿姨逆袭成女神，她是怎么做到的？,date_header_with_inline_body,从保洁阿姨逆袭成女神，她是怎么做到的？ 原创：咪蒙 咪蒙 2018-03-08,今天三八节，我想问一个关于女人的问题。 你有留意过，身边的保洁阿姨长什么样子吗？ 你知道，你成天去光顾的馄饨摊，那个小姐姐好不好看吗？ 你注意过，工地上的女生，有没有气质吗？ 是啊，几乎没人在意过，她们漂不漂亮。 三八妇女节，我们想去发现那些被遮蔽的美。,87,21.48,20.0
909,06_6实用技巧,2018_03_13 今年我要瘦瘦瘦瘦瘦瘦瘦瘦瘦瘦瘦瘦瘦瘦瘦瘦瘦瘦瘦瘦瘦瘦瘦瘦瘦瘦瘦瘦瘦瘦瘦瘦瘦瘦瘦瘦瘦瘦瘦瘦瘦瘦瘦瘦瘦瘦瘦瘦 conv.txt,2018_03_13 今年我要瘦瘦瘦瘦瘦瘦瘦瘦瘦瘦瘦瘦瘦瘦瘦瘦瘦瘦瘦瘦瘦瘦瘦瘦瘦瘦瘦瘦瘦瘦瘦瘦瘦瘦瘦瘦瘦瘦瘦瘦瘦瘦瘦瘦瘦瘦瘦瘦,date_header_with_inline_body,今年我要瘦瘦瘦瘦瘦瘦瘦瘦瘦瘦瘦瘦瘦瘦瘦瘦瘦瘦瘦瘦瘦瘦瘦瘦瘦瘦瘦瘦瘦瘦瘦瘦瘦瘦瘦瘦瘦瘦瘦瘦瘦瘦瘦瘦瘦瘦瘦瘦 原创：咪蒙 咪蒙 2018-03-13,救救我吧！ 春节期间胖太多了！,73,28.23,27.0
910,06_6实用技巧,2018_03_20 _你妹长得真好看_ _那是我妈！_ conv.txt,2018_03_20 _你妹长得真好看_ _那是我妈！_,date_header_with_inline_body,“你妹长得真好看”“那是我妈！” 原创：咪蒙 咪蒙 2018-03-20,前两天，同事推荐了一款测试年龄的app。 我测了一下，结果显示53岁！！我气炸了，立刻马上就把它卸载了。 同事们听说之后，纷纷去下载了这个app，并表示这个年头，这么靠谱的app已经不多了！！ 这届同事不行，看来是时候换一批了。 同事们说，刚好，今天刚看完冻龄女神的照片，也想换一个那样的老板，不仅赏心悦目，还可以学习保养秘籍！ 不服气也不服老的我，看了一眼她们的照片…… 擦，这是一群妖怪吧，为什么不会变老，不是说建国后不许成精吗！,48,26.56,20.5
911,06_6实用技巧,2018_03_21 身高148，气场2米8，她是怎么做到的？ conv.txt,2018_03_21 身高148，气场2米8，她是怎么做到的？,date_header_with_inline_body,身高148，气场2米8，她是怎么做到的？ 咪蒙+洪洪 咪蒙 2018-03-21,大家都知道黄小污吧， 就是传说中月薪5万的助理， 她是我们公司的新媒体的总监。 你们肯定以为总监都是这样的 。 。 。,79,17.68,17.0
912,06_6实用技巧,2018_04_20 我用10件衣服，搞定整个夏天穿搭！ conv.txt,2018_04_20 我用10件衣服，搞定整个夏天穿搭！,date_header_with_inline_body,我用10件衣服，搞定整个夏天穿搭！ 原创：咪蒙 咪蒙 2018-04-20,完了！ 我要裸奔了！,75,23.48,20.0
913,06_6实用技巧,2018_05_11 汶川地震10年：没有故事，只有生活 conv.txt,2018_05_11 汶川地震10年：没有故事，只有生活,date_header_standalone_line,汶川地震10年：没有故事，只有生活 杨乐多+pp 咪蒙 2018-05-11,,142,23.43,21.0
914,06_6实用技巧,2018_07_08 热？最最最好用的解暑神器来了！ conv.txt,2018_07_08 热？最最最好用的解暑神器来了！,date_header_with_inline_body,热？最最最好用的解暑神器来了！ 咪蒙 咪蒙 2018-07-08,当 然 是冷！ 笑！ 话！,10,21.7,20.0
915,06_6实用技巧,2018_07_30 我暴瘦30斤的秘籍，今！日！大！公！开！（海量照片，慎入） conv.txt,2018_07_30 我暴瘦30斤的秘籍，今！日！大！公！开！（海量照片，慎入）,date_header_with_inline_body,我暴瘦30斤的秘籍，今！日！大！公！开！（海量照片，慎入） 原创：咪蒙 咪蒙 2018-07-30,全宇宙都知道了。 我瘦了30斤。 没图我说个大西瓜。,181,14.52,13.0
916,06_6实用技巧,2018_08_27 《延禧攻略》：要么狠，要么滚！ conv.txt,2018_08_27 《延禧攻略》：要么狠，要么滚！,date_header_with_inline_body,《延禧攻略》：要么狠，要么滚！ 原创：意晴+咪蒙 咪蒙 2018-08-27,如果你想打败坏人，你就必须成为坏人。 这就是《延禧攻略》告诉我们的事。 延禧攻略足足70集，其中最让我难过的，是富察皇后的死。 身为后宫之主，她太太太太温柔了。,110,20.12,18.0
917,06_6实用技巧,2018_10_25 双11拔草清单 _ 早看到这篇，我能省一个亿！ conv.txt,2018_10_25 双11拔草清单 _ 早看到这篇，我能省一个亿！,date_header_with_inline_body,双11拔草清单|早看到这篇，我能省一个亿！ 原创：咪蒙 咪蒙 2018-10-25,双十一快！到！了！ 你还记得去年买错过哪些东西，痛彻心扉？ 我买的是眉卡。 作为一个手残党，我经常画不好自己的眉毛。 每次都会画成两只蚯蚓，还是喝高了的那种。 所以我买了眉卡。 我本来以为我可以把自己画成宋慧乔。 没想到画成了……,128,17.12,14.0
918,06_6实用技巧,2018_11_05 妈呀！我对自己，到底有多渣？！ conv.txt,2018_11_05 妈呀！我对自己，到底有多渣？！,date_header_with_inline_body,妈呀！我对自己，到底有多渣？！ 原创：咪蒙 咪蒙 2018-11-05,生活中对我们最渣的人是谁？ 我！们！自！己！,92,28.18,23.0
919,07_7幽默自嘲,2015_11_18 我，一个矮子的史诗 conv.txt,2015_11_18 我，一个矮子的史诗,date_header_with_inline_body,我，一个矮子的史诗 咪蒙 2015-11-18,前两天打开知乎，发现有人邀请我回答问题。 我想说，哇擦，知乎也有我的粉丝啊。 然后看到邀请我答什么之后，我就去网购了一把菜刀。,251,20.25,17.0
920,07_7幽默自嘲,2016_01_29 什么样的男人最让人有安全感？ conv.txt,2016_01_29 什么样的男人最让人有安全感？,date_header_standalone_line,什么样的男人最让人有安全感？ 原创：咪蒙 咪蒙 2016-01-29,,105,23.83,20.0
921,07_7幽默自嘲,2016_02_29 小李子，恭喜你，终于从段子界到了鸡汤界 conv.txt,2016_02_29 小李子，恭喜你，终于从段子界到了鸡汤界,date_header_standalone_line,小李子，恭喜你，终于从段子界到了鸡汤界 原创：咪蒙 咪蒙 2016-02-29,,90,26.16,19.5
922,07_7幽默自嘲,2016_03_12 我为什么不养宠物？ conv.txt,2016_03_12 我为什么不养宠物？,date_header_standalone_line,我为什么不养宠物？ 原创：咪蒙 咪蒙 2016-03-12,,179,23.06,19.0
923,07_7幽默自嘲,2016_03_29 矮子们快来幸灾乐祸！原来长得高也很凄惨啊！ conv.txt,2016_03_29 矮子们快来幸灾乐祸！原来长得高也很凄惨啊！,date_header_standalone_line,矮子们快来幸灾乐祸！原来长得高也很凄惨啊！ 原创：咪蒙 咪蒙 2016-03-29,,142,32.25,24.0
924,07_7幽默自嘲,2016_04_05 身为路痴，我就是一个行走的笑话啊 conv.txt,2016_04_05 身为路痴，我就是一个行走的笑话啊,date_header_standalone_line,身为路痴，我就是一个行走的笑话啊 原创：咪蒙 咪蒙 2016-04-05,,138,21.6,18.0
925,07_7幽默自嘲,2016_04_15 如何把大牌穿成地摊货？ conv.txt,2016_04_15 如何把大牌穿成地摊货？,date_header_standalone_line,如何把大牌穿成地摊货？ 原创：咪蒙 咪蒙 2016-04-15,,102,28.73,24.0
926,07_7幽默自嘲,2016_08_10 其实，傅园慧的逗比是祖传的 conv.txt,2016_08_10 其实，傅园慧的逗比是祖传的,date_header_standalone_line,其实，傅园慧的逗比是祖传的 原创：咪蒙 咪蒙 2016-08-10,,73,23.16,20.0
927,07_7幽默自嘲,2016_10_03 算命的说，这七天我不宜旅行 conv.txt,2016_10_03 算命的说，这七天我不宜旅行,date_header_standalone_line,算命的说，这七天我不宜旅行 原创：咪蒙 咪蒙 2016-10-03,,99,23.86,21.0
928,07_7幽默自嘲,2016_10_04 哈哈哈哈哈哈哈 conv.txt,2016_10_04 哈哈哈哈哈哈哈,date_header_standalone_line,哈哈哈哈哈哈哈 咪蒙 2016-10-04,,97,23.6,20.0
929,07_7幽默自嘲,2016_10_12 人在胖，天在看！ conv.txt,2016_10_12 人在胖，天在看！,date_header_standalone_line,人在胖，天在看！ 原创：咪蒙 咪蒙 2016-10-12,,89,21.79,17.0
930,07_7幽默自嘲,2016_10_20 遇见他们，是我此生最好的事 conv.txt,2016_10_20 遇见他们，是我此生最好的事,date_header_standalone_line,遇见他们，是我此生最好的事 原创：咪蒙 咪蒙 2016-10-20,,94,28.0,23.5
931,07_7幽默自嘲,2016_12_28 哈哈哈哈我爸妈是散落人间的段子手！ conv.txt,2016_12_28 哈哈哈哈我爸妈是散落人间的段子手！,date_header_standalone_line,哈哈哈哈我爸妈是散落人间的段子手！ 原创：咪蒙 咪蒙 2016-12-28,,49,28.98,21.0
932,07_7幽默自嘲,2016_12_31 那些能让你从2016笑到2017的笑话 conv.txt,2016_12_31 那些能让你从2016笑到2017的笑话,date_header_standalone_line,那些能让你从2016笑到2017的笑话 咪蒙 2016-12-31,,92,22.39,19.0
933,07_7幽默自嘲,2017_01_05 这些广告好奇葩！太奇葩了！ conv.txt,2017_01_05 这些广告好奇葩！太奇葩了！,date_header_standalone_line,这些广告好奇葩！太奇葩了！ 原创：咪蒙 咪蒙 2017-01-05,,54,27.13,28.0
934,07_7幽默自嘲,2017_01_26 春晚：一直在吐槽，却始终戒不了 conv.txt,2017_01_26 春晚：一直在吐槽，却始终戒不了,date_header_standalone_line,春晚：一直在吐槽，却始终戒不了 原创：咪蒙 咪蒙 2017-01-26,,64,30.95,29.0
935,07_7幽默自嘲,2017_02_15 妈！为什么我的名字这么奇葩？！ conv.txt,2017_02_15 妈！为什么我的名字这么奇葩？！,date_header_standalone_line,妈！为什么我的名字这么奇葩？！ 原创：咪蒙 咪蒙 2017-02-15,,54,25.43,22.0
936,07_7幽默自嘲,2017_04_11 我的普通话，只有自己听得懂 conv.txt,2017_04_11 我的普通话，只有自己听得懂,date_header_standalone_line,我的普通话，只有自己听得懂 原创：咪蒙 咪蒙 2017-04-11,,76,22.12,20.0
937,07_7幽默自嘲,2017_04_30 《奇葩说》：所谓家人，就是互相说谎 conv.txt,2017_04_30 《奇葩说》：所谓家人，就是互相说谎,date_header_standalone_line,《奇葩说》：所谓家人，就是互相说谎 原创：咪蒙 咪蒙 2017-04-30,,98,24.72,20.0
938,07_7幽默自嘲,2017_08_03 该配合我演出的你却在哈哈哈哈哈哈 conv.txt,2017_08_03 该配合我演出的你却在哈哈哈哈哈哈,date_header_with_inline_body,该配合我演出的你却在哈哈哈哈哈哈 原创：咪蒙 咪蒙 2017-08-03,有位网友说，小时候电视热播西游记，他妈妈不让看，他只能满怀愤懑地去写作业。 这时，桌前飞来一只苍蝇，他心里一动，问到：“悟空，是你吗？” 哈哈哈哈哈好有画面感！,54,24.33,19.5
939,07_7幽默自嘲,2017_08_04 谢谢你透过脂肪，看到我的心 conv.txt,2017_08_04 谢谢你透过脂肪，看到我的心,date_header_with_inline_body,谢谢你透过脂肪，看到我的心 原创：大志 咪蒙 2017-08-04,BYCarasIonut,149,16.54,15.0
940,07_7幽默自嘲,2017_09_07 那个不要脸的人，过着很酷的人生 conv.txt,2017_09_07 那个不要脸的人，过着很酷的人生,date_header_with_inline_body,那个不要脸的人，过着很酷的人生 原创：不要脸的 咪蒙 2017-09-07,今天忙死球了，因为员工要转正答辩。作为老板，平时总是被员工们怼，今天我要去报仇了。 结果我发现，有个实习生，都特么实习快一年了，一直都不参加转正答辩，奇怪了。 我问她这是怎么回事。,93,26.11,22.0
941,07_7幽默自嘲,2017_09_12 对不起，你死了，我却只能哈哈哈哈 conv.txt,2017_09_12 对不起，你死了，我却只能哈哈哈哈,date_header_with_inline_body,对不起，你死了，我却只能哈哈哈哈 原创：张曙霞 咪蒙 2017-09-12,我被金钱冲昏了头脑， 连夜背着所有人写了篇稿子， 投了一个连比赛名字都没记住的创作大赛。 结果我被通知进半决赛的时候， 坐在40度没开空调的小屋里瑟瑟发抖， 完蛋了，我会不会被人贩子看上了，还被骗去北京。 然后跑到镜子前站了半小时， 两周后去了北京， 四周后见了蔡康永。,81,28.59,26.0
942,07_7幽默自嘲,2017_09_29 为了追我，他在操场上尿出了我的名字 conv.txt,2017_09_29 为了追我，他在操场上尿出了我的名字,date_header_with_inline_body,为了追我，他在操场上尿出了我的名字 原创：咪蒙 咪蒙 2017-09-29,你觉得下面哪种追求方式最奇葩呢？,53,32.45,26.0
943,07_7幽默自嘲,2017_10_16 你的室友貌美如花，我的室友却超级奇葩 conv.txt,2017_10_16 你的室友貌美如花，我的室友却超级奇葩,date_header_with_inline_body,你的室友貌美如花，我的室友却超级奇葩 原创：咪蒙 咪蒙 2017-10-16,噢，No！实在是受不了了！ 为什么有的室友貌美如花，有的室友却超级奇葩！ 看了这一期奇葩室友的征集，隔着屏幕我都能感觉到大家森森的怨念。,64,28.62,22.0
944,07_7幽默自嘲,2017_11_20 女友尴尬的7个瞬间，只有1%的男生做对了！ conv.txt,2017_11_20 女友尴尬的7个瞬间，只有1%的男生做对了！,date_header_with_inline_body,女友尴尬的7个瞬间，只有1%的男生做对了！ 原创：咪蒙 咪蒙 2017-11-20,哪一瞬间你最想嫁给一个男生？ 大概是他左手拿着25克拉的大钻戒，右手拿着全球限量的黑卡，脚踩七彩祥云，替我王者荣耀练级的时候吧。 好吧，上面是我瞎扯的。,51,26.33,25.0
945,07_7幽默自嘲,2017_12_15 佛系乘客：那天打车，我把司机送回了家 conv.txt,2017_12_15 佛系乘客：那天打车，我把司机送回了家,date_header_with_inline_body,佛系乘客：那天打车，我把司机送回了家 原创：咪蒙 咪蒙 2017-12-15,打的车多了，总会遇见奇葩的司机师傅。 网友说，有次打车，司机给他唱了一路的歌。 唱到兴奋处，司机还自言自语：“掌声在哪里？” 随后，他按了几下喇叭。 之后，他又喊道：“你们的双手在哪里？让我看到你们的双手！” 然后，他启动了雨刷。 最特么奇葩的是，他问：“后面的朋友听不到我的声音怎么办？” 他竟然“砰”的一声把后备箱打开了……,79,21.19,18.0
946,07_7幽默自嘲,2017_12_31 我特么把2017年过成了段子。。。 conv.txt,2017_12_31 我特么把2017年过成了段子。。。,date_header_with_inline_body,我特么把2017年过成了段子。。。 原创：咪蒙 咪蒙 2017-12-31,2017年就要过去了。 这一年，有人从小城市到了大城市，做上了自己喜欢的工作，把这一年过成了励志故事； 有人熬过了几年长跑，终于嫁给了爱情，把这一年过成了甜宠文；,111,20.41,18.0
947,07_7幽默自嘲,2018_03_29 你有100种方式发胖，我就有1000种方式让你显！瘦！ conv.txt,2018_03_29 你有100种方式发胖，我就有1000种方式让你显！瘦！,date_header_with_inline_body,你有100种方式发胖，我就有1000种方式让你显！瘦！ 洪洪 咪蒙 2018-03-29,我叫星晨， 身高165， 体重155，身材嘛，就是胖成一个大圆桶。,62,23.82,23.0
948,07_7幽默自嘲,2018_04_02 婚前美貌如花，婚后肥胖在家！！ conv.txt,2018_04_02 婚前美貌如花，婚后肥胖在家！！,date_header_with_inline_body,婚前美貌如花，婚后肥胖在家！！ 原创：咪蒙 咪蒙 2018-04-02,咳咳咳，问大家一个问题： 如果现在给你一亿元，让你结婚，你愿意吗？ 我拿这个问题采访了好几个女生。 女生A：现在给我两亿我都不愿意。 女生B：我给你一亿，你帮我把婚离了。 女生C：什么，怎么会有这么不划算的买卖。 为什么会这样？ 因为这些女生看了今天的征集照片！ 照片里的女生， 结婚前后的反差实在是太太太太大了……,40,23.45,19.0
949,07_7幽默自嘲,2018_05_10 预备，笑！ conv.txt,2018_05_10 预备，笑！,date_header_with_inline_body,预备，笑！ 咪蒙 2018-05-10,最近后台有粉丝跟我说，每天都过得挺丧的…… 工作太累、感情不顺、即将毕业…… 问我怎么办？,14,24.21,18.5
950,07_7幽默自嘲,2018_05_22 如果你矮，胖，腿粗……那我有30万想给你 conv.txt,2018_05_22 如果你矮，胖，腿粗……那我有30万想给你,date_header_with_inline_body,如果你矮，胖，腿粗……那我有30万想给你 原创：咪蒙 咪蒙 2018-05-22,众所周知，我们公司有个很牛逼的时尚号叫，洪胖胖。 这个号有多牛逼呢，开号2个月，涨了40万粉丝，受欢迎程度也就比我这个宇宙第一网红差一点点吧。 听说，她们最近要招新时尚博主！ 年薪30万以上，每天有一堆好看的衣服和一线大牌化妆品，等着你去宠幸！ 想要成为时尚博主只有两个要求：胖！和矮！,17,18.18,14.0
951,07_7幽默自嘲,2018_06_08 我要控诉！为什么胖了还能这么美？！ conv.txt,2018_06_08 我要控诉！为什么胖了还能这么美？！,date_header_with_inline_body,我要控诉！为什么胖了还能这么美？！ 原创：咪蒙 咪蒙 2018-06-08,最近，“对骂群”比较火。 两个阵营的人，用freestyle，Bbox等高级技巧，互怼，哈哈哈看起来就很好玩。,34,22.09,19.0
952,07_7幽默自嘲,2018_07_28 三秒钟，测试你是不是易胖体质 conv.txt,2018_07_28 三秒钟，测试你是不是易胖体质,date_header_with_inline_body,三秒钟，测试你是不是易胖体质 咪蒙 咪蒙 2018-07-28,开始测试，先看几张动图:如果看到这里，你没有点外卖，就是易瘦体质。 如果点了，就是易胖体质。,3,17.0,11.0
953,07_7幽默自嘲,2018_10_08 上班第一天，全靠这些段子来续！命！ conv.txt,2018_10_08 上班第一天，全靠这些段子来续！命！,date_header_with_inline_body,上班第一天，全靠这些段子来续！命！ 咪蒙 咪蒙 2018-10-08,今天是上班的第一天。 你的状态一定是这样的。,14,18.93,16.0
954,07_7幽默自嘲,2018_12_11 哈哈！当年的那个校花，已经胖成了大妈！ conv.txt,2018_12_11 哈哈！当年的那个校花，已经胖成了大妈！,date_header_with_inline_body,哈哈！当年的那个校花，已经胖成了大妈！ 原创：咪蒙 咪蒙 2018-12-11,怀孕了！ 还是个男同事！,22,20.82,18.5
955,07_7幽默自嘲,2019_01_02 《2018爆笑段子合集》哈哈哈哈哈哈哈哈哈哈 conv.txt,2019_01_02 《2018爆笑段子合集》哈哈哈哈哈哈哈哈哈哈,date_header_with_inline_body,《2018爆笑段子合集》哈哈哈哈哈哈哈哈哈哈 咪蒙 咪蒙 1月2日,什么，能让一个想要自杀的人，瞬间恢复对生活的希望？ 什么，能让一个重病在床的人，突然吃得好睡得香？ 什么，能让正在看公号的你，在半夜发出老母猪的笑声？ 答案就是，给你100个亿。,35,18.8,19.0
956,07_7幽默自嘲,2019_01_11 听说你最近不开心，那我讲一整年的笑话给你听！ conv.txt,2019_01_11 听说你最近不开心，那我讲一整年的笑话给你听！,date_header_with_inline_body,听说你最近不开心，那我讲一整年的笑话给你听！ 原创：咪蒙 咪蒙 1月11日,2018你有怎样的体验？ 我有不怎么样的体验。 回首我的2018… 依然是任人嘲笑的一年…… 依然是把人生过成一个笑话的一年。 啊啊啊啊！ 下面请收看《2018年咪蒙自传》。,104,18.77,17.0
